season,week,day,purchase_or_upgrade,cost,cumulative_progression_spend
Red,1,1,Persistent Coherence → Red,1700,1700
Red,2,3,Persistent Coherence → Orange,2720,4420
Red,4,2,Persistent Coherence → Yellow,4896,9316
Red,6,4,Persistent Coherence → Green,10282,19598
Orange,1,4,Persistent Coherence → Blue,25705,45303
Orange,1,4,Accept White Legacy,0,45303
Orange,2,3,Absorption Shield → Red,9350,54653
Yellow,1,2,Genesis Beam → Red,6050,60703
Yellow,2,4,Genesis Beam → Orange,9680,70383
Yellow,3,5,Genesis Beam → Yellow,17424,87807
Yellow,5,2,Genesis Beam → Green,36590,124397
Yellow,6,3,Genesis Prime → Red,9350,133747
Green,6,2,Coherence Prime → Red,9350,143097
Green,6,4,Genesis Prime → Orange,14960,158057
Green,7,2,Genesis Prime → Yellow,26928,184985
Blue,1,3,Absorption Shield → Orange,14960,199945
Blue,2,4,Absorption Shield → Yellow,26928,226873
Blue,5,6,Absorption Shield → Green,56549,283422
Blue,6,3,Resonance Prime / Juggernaut → Red,9350,292772
