prime_id,name,status,role
PE-001,Genesis Prime Elemental,LOCKED,offensive Genesis Expression specialist
PE-002,Coherence Prime Elemental,LOCKED,helkir-equivalent restorative specialist
PE-003,Resonance Prime Elemental,LOCKED,Juggernaut/frontline persistence specialist
PE-004,Dimensional Prime Elemental,WORKING,spatial corridor/vector/redirection specialist
PE-005,Chirality Prime Elemental,WORKING,chiral organization/admissibility specialist
PE-006,Combustion Prime Elemental,WORKING,combustion/thermal specialist
PE-007,Lightning Prime Elemental,WORKING,electrical discharge/plasma specialist
PE-008,Mineral Prime Elemental,WORKING,mineral/metal/material specialist
PE-009,Atmospheric Prime Elemental,WORKING,gas/pressure/flow specialist
