"prime_id","prime_name","binding_id","binding_name","required_rank","recipe_status","selection_basis"
"PE-001","Genesis Prime Elemental","GE-0043","Genesis Beam","White","LOCKED","Supplied checkpoint recipe"
"PE-001","Genesis Prime Elemental","GE-0444","Genesis Orb","White","LOCKED","Supplied checkpoint recipe"
"PE-001","Genesis Prime Elemental","GE-0528","Genesis Shard","White","LOCKED","Supplied checkpoint recipe"
"PE-001","Genesis Prime Elemental","GE-0042","Barrier Plane","White","LOCKED","Supplied checkpoint recipe"
"PE-001","Genesis Prime Elemental","GF-0038","Focused Threat Resolve","White","LOCKED","Supplied checkpoint recipe"
"PE-001","Genesis Prime Elemental","GF-0044","Conditional Command","White","LOCKED","Supplied checkpoint recipe"
"PE-001","Genesis Prime Elemental","GF-0045","Deep Manifest","White","LOCKED","Supplied checkpoint recipe"
"PE-002","Coherence Prime Elemental","PT-0002","Directed Coherence","White","LOCKED","Supplied checkpoint recipe"
"PE-002","Coherence Prime Elemental","PT-0003","Persistent Coherence","White","LOCKED","Supplied checkpoint recipe"
"PE-002","Coherence Prime Elemental","PT-0001","Coherence Field","White","LOCKED","Supplied checkpoint recipe"
"PE-002","Coherence Prime Elemental","GF-0005","Expanded Coherence Diagnostic","White","LOCKED","Supplied checkpoint recipe"
"PE-002","Coherence Prime Elemental","GF-0044","Conditional Command","White","LOCKED","Supplied checkpoint recipe"
"PE-002","Coherence Prime Elemental","GF-0048","Escort Command","White","LOCKED","Supplied checkpoint recipe"
"PE-002","Coherence Prime Elemental","GF-0045","Deep Manifest","White","LOCKED","Supplied checkpoint recipe"
"PE-003","Resonance Prime Elemental","RS-0027","Adaptive Muscular Strength Augmentation","White","LOCKED","Supplied checkpoint recipe"
"PE-003","Resonance Prime Elemental","RS-0006","Adaptive Bone Reinforcement Augmentation","White","LOCKED","Supplied checkpoint recipe"
"PE-003","Resonance Prime Elemental","RS-0019","Adaptive Joint Reinforcement Augmentation","White","LOCKED","Supplied checkpoint recipe"
"PE-003","Resonance Prime Elemental","RS-0042","Adaptive Tendon Reinforcement Augmentation","White","LOCKED","Supplied checkpoint recipe"
"PE-003","Resonance Prime Elemental","RS-0012","Adaptive Core Stability Augmentation","White","LOCKED","Supplied checkpoint recipe"
"PE-003","Resonance Prime Elemental","RS-0018","Adaptive Impact Frame Augmentation","White","LOCKED","Supplied checkpoint recipe"
"PE-003","Resonance Prime Elemental","GF-0082","Summon Barrier","White","LOCKED","Supplied checkpoint recipe"
"PE-003","Resonance Prime Elemental","GF-0045","Deep Manifest","White","LOCKED","Supplied checkpoint recipe"
"PE-004","Dimensional Prime Elemental","DG-0031","Continuous Spatial Resolution (CSR)","White","ALPHA/WORKING — grounded candidate selection, not locked canon","Existing specialist-domain architecture plus Conditional Command/Deep Manifest; candidate only"
"PE-004","Dimensional Prime Elemental","DG-0010","Expanded Spatial Anchor","White","ALPHA/WORKING — grounded candidate selection, not locked canon","Existing specialist-domain architecture plus Conditional Command/Deep Manifest; candidate only"
"PE-004","Dimensional Prime Elemental","DG-0011","Expanded Spatial Exclusion","White","ALPHA/WORKING — grounded candidate selection, not locked canon","Existing specialist-domain architecture plus Conditional Command/Deep Manifest; candidate only"
"PE-004","Dimensional Prime Elemental","DG-0028","Focused Spatial Step","White","ALPHA/WORKING — grounded candidate selection, not locked canon","Existing specialist-domain architecture plus Conditional Command/Deep Manifest; candidate only"
"PE-004","Dimensional Prime Elemental","GF-0044","Conditional Command","White","ALPHA/WORKING — grounded candidate selection, not locked canon","Existing specialist-domain architecture plus Conditional Command/Deep Manifest; candidate only"
"PE-004","Dimensional Prime Elemental","GF-0045","Deep Manifest","White","ALPHA/WORKING — grounded candidate selection, not locked canon","Existing specialist-domain architecture plus Conditional Command/Deep Manifest; candidate only"
"PE-005","Chirality Prime Elemental","CH-0003","Counter-Resolve Field","White","ALPHA/WORKING — grounded candidate selection, not locked canon","Existing specialist-domain architecture plus Conditional Command/Deep Manifest; candidate only"
"PE-005","Chirality Prime Elemental","CH-0015","Deflect Field","White","ALPHA/WORKING — grounded candidate selection, not locked canon","Existing specialist-domain architecture plus Conditional Command/Deep Manifest; candidate only"
"PE-005","Chirality Prime Elemental","CH-0027","Interrupt Field","White","ALPHA/WORKING — grounded candidate selection, not locked canon","Existing specialist-domain architecture plus Conditional Command/Deep Manifest; candidate only"
"PE-005","Chirality Prime Elemental","CH-0045","Sever Field","White","ALPHA/WORKING — grounded candidate selection, not locked canon","Existing specialist-domain architecture plus Conditional Command/Deep Manifest; candidate only"
"PE-005","Chirality Prime Elemental","GF-0044","Conditional Command","White","ALPHA/WORKING — grounded candidate selection, not locked canon","Existing specialist-domain architecture plus Conditional Command/Deep Manifest; candidate only"
"PE-005","Chirality Prime Elemental","GF-0045","Deep Manifest","White","ALPHA/WORKING — grounded candidate selection, not locked canon","Existing specialist-domain architecture plus Conditional Command/Deep Manifest; candidate only"
"PE-006","Combustion Prime Elemental","GE-0056","Controlled Combustion Orb","White","ALPHA/WORKING — grounded candidate selection, not locked canon","Existing specialist-domain architecture plus Conditional Command/Deep Manifest; candidate only"
"PE-006","Combustion Prime Elemental","GE-0050","Mobile Combustion Field","White","ALPHA/WORKING — grounded candidate selection, not locked canon","Existing specialist-domain architecture plus Conditional Command/Deep Manifest; candidate only"
"PE-006","Combustion Prime Elemental","GE-0047","Channeled Combustion Beam","White","ALPHA/WORKING — grounded candidate selection, not locked canon","Existing specialist-domain architecture plus Conditional Command/Deep Manifest; candidate only"
"PE-006","Combustion Prime Elemental","GE-0196","Combustion Sentinel Elemental","White","ALPHA/WORKING — grounded candidate selection, not locked canon","Existing specialist-domain architecture plus Conditional Command/Deep Manifest; candidate only"
"PE-006","Combustion Prime Elemental","GF-0044","Conditional Command","White","ALPHA/WORKING — grounded candidate selection, not locked canon","Existing specialist-domain architecture plus Conditional Command/Deep Manifest; candidate only"
"PE-006","Combustion Prime Elemental","GF-0045","Deep Manifest","White","ALPHA/WORKING — grounded candidate selection, not locked canon","Existing specialist-domain architecture plus Conditional Command/Deep Manifest; candidate only"
"PE-007","Lightning Prime Elemental","GE-0176","Controlled Electrical Orb","White","ALPHA/WORKING — grounded candidate selection, not locked canon","Existing specialist-domain architecture plus Conditional Command/Deep Manifest; candidate only"
"PE-007","Lightning Prime Elemental","GE-0167","Channeled Electrical Beam","White","ALPHA/WORKING — grounded candidate selection, not locked canon","Existing specialist-domain architecture plus Conditional Command/Deep Manifest; candidate only"
"PE-007","Lightning Prime Elemental","GE-0477","Controlled Plasma Orb","White","ALPHA/WORKING — grounded candidate selection, not locked canon","Existing specialist-domain architecture plus Conditional Command/Deep Manifest; candidate only"
"PE-007","Lightning Prime Elemental","GE-0236","Lightning Sentinel Elemental","White","ALPHA/WORKING — grounded candidate selection, not locked canon","Existing specialist-domain architecture plus Conditional Command/Deep Manifest; candidate only"
"PE-007","Lightning Prime Elemental","GF-0044","Conditional Command","White","ALPHA/WORKING — grounded candidate selection, not locked canon","Existing specialist-domain architecture plus Conditional Command/Deep Manifest; candidate only"
"PE-007","Lightning Prime Elemental","GF-0045","Deep Manifest","White","ALPHA/WORKING — grounded candidate selection, not locked canon","Existing specialist-domain architecture plus Conditional Command/Deep Manifest; candidate only"
"PE-008","Mineral Prime Elemental","GE-0396","Controlled Mineral Orb","White","ALPHA/WORKING — grounded candidate selection, not locked canon","Existing specialist-domain architecture plus Conditional Command/Deep Manifest; candidate only"
"PE-008","Mineral Prime Elemental","GE-0390","Mobile Mineral Field","White","ALPHA/WORKING — grounded candidate selection, not locked canon","Existing specialist-domain architecture plus Conditional Command/Deep Manifest; candidate only"
"PE-008","Mineral Prime Elemental","GE-0392","Focused Mineral Jet","White","ALPHA/WORKING — grounded candidate selection, not locked canon","Existing specialist-domain architecture plus Conditional Command/Deep Manifest; candidate only"
"PE-008","Mineral Prime Elemental","GE-0532","Mineral Shard","White","ALPHA/WORKING — grounded candidate selection, not locked canon","Existing specialist-domain architecture plus Conditional Command/Deep Manifest; candidate only"
"PE-008","Mineral Prime Elemental","GF-0044","Conditional Command","White","ALPHA/WORKING — grounded candidate selection, not locked canon","Existing specialist-domain architecture plus Conditional Command/Deep Manifest; candidate only"
"PE-008","Mineral Prime Elemental","GF-0045","Deep Manifest","White","ALPHA/WORKING — grounded candidate selection, not locked canon","Existing specialist-domain architecture plus Conditional Command/Deep Manifest; candidate only"
"PE-009","Atmospheric Prime Elemental","GE-0033","Controlled Atmospheric Orb","White","ALPHA/WORKING — grounded candidate selection, not locked canon","Existing specialist-domain architecture plus Conditional Command/Deep Manifest; candidate only"
"PE-009","Atmospheric Prime Elemental","GE-0027","Mobile Atmospheric Field","White","ALPHA/WORKING — grounded candidate selection, not locked canon","Existing specialist-domain architecture plus Conditional Command/Deep Manifest; candidate only"
"PE-009","Atmospheric Prime Elemental","GE-0029","Focused Atmospheric Jet","White","ALPHA/WORKING — grounded candidate selection, not locked canon","Existing specialist-domain architecture plus Conditional Command/Deep Manifest; candidate only"
"PE-009","Atmospheric Prime Elemental","GE-0491","Mobile Pressure Field","White","ALPHA/WORKING — grounded candidate selection, not locked canon","Existing specialist-domain architecture plus Conditional Command/Deep Manifest; candidate only"
"PE-009","Atmospheric Prime Elemental","GF-0044","Conditional Command","White","ALPHA/WORKING — grounded candidate selection, not locked canon","Existing specialist-domain architecture plus Conditional Command/Deep Manifest; candidate only"
"PE-009","Atmospheric Prime Elemental","GF-0045","Deep Manifest","White","ALPHA/WORKING — grounded candidate selection, not locked canon","Existing specialist-domain architecture plus Conditional Command/Deep Manifest; candidate only"