"prime_id","name","pricing_class","red_base_cost","Red","Orange","Yellow","Green","Blue","Violet","White","pricing_status"
"PE-001","Genesis Prime Elemental","EXCEPTIONAL","10000","10000","16000","28800","60480","151200","453600","1814400","LOCKED — Checkpoint 12"
"PE-002","Coherence Prime Elemental","EXCEPTIONAL","10000","10000","16000","28800","60480","151200","453600","1814400","LOCKED — Checkpoint 12"
"PE-003","Resonance Prime Elemental","EXCEPTIONAL","10000","10000","16000","28800","60480","151200","453600","1814400","LOCKED — Checkpoint 12"
"PE-004","Dimensional Prime Elemental","EXCEPTIONAL","10000","10000","16000","28800","60480","151200","453600","1814400","LOCKED — Checkpoint 12"
"PE-005","Chirality Prime Elemental","EXCEPTIONAL","10000","10000","16000","28800","60480","151200","453600","1814400","LOCKED — Checkpoint 12"
"PE-006","Combustion Prime Elemental","EXCEPTIONAL","10000","10000","16000","28800","60480","151200","453600","1814400","LOCKED — Checkpoint 12"
"PE-007","Lightning Prime Elemental","EXCEPTIONAL","10000","10000","16000","28800","60480","151200","453600","1814400","LOCKED — Checkpoint 12"
"PE-008","Mineral Prime Elemental","EXCEPTIONAL","10000","10000","16000","28800","60480","151200","453600","1814400","LOCKED — Checkpoint 12"
"PE-009","Atmospheric Prime Elemental","EXCEPTIONAL","10000","10000","16000","28800","60480","151200","453600","1814400","LOCKED — Checkpoint 12"
