id,section,source,decision,remote_baseline_review,pre_repair_worktree_review,working_result,qualifications,current_owners
REPAIR-01-01,1. Kira family names — REQUIRED,provenance/diplomatic-pouch-2026-10-08/package/arc1-arc2-repair/package/REPAIR_DELTA.md,Current Git already has Kira's family/smithy concept but failed to carry the locked names into current owners.,MISSING locked names; compatible family/smithy roles existed,PRESENT,PRESENT,"Retain exact authored detail in current owners; preserve qualifications, later canon and unrelated OPENs.",live-model/01_KIRA.md#october-8--household-and-rival | live-model/03_VALNEK_PATHS.md#october-8--family-and-independent-social-life
REPAIR-01-02,1. Kira family names — REQUIRED,provenance/diplomatic-pouch-2026-10-08/package/arc1-arc2-repair/package/REPAIR_DELTA.md,LOCK:,MISSING locked names; compatible family/smithy roles existed,PRESENT,PRESENT,"Retain exact authored detail in current owners; preserve qualifications, later canon and unrelated OPENs.",live-model/01_KIRA.md#october-8--household-and-rival | live-model/03_VALNEK_PATHS.md#october-8--family-and-independent-social-life
REPAIR-01-03,1. Kira family names — REQUIRED,provenance/diplomatic-pouch-2026-10-08/package/arc1-arc2-repair/package/REPAIR_DELTA.md,- Maelor — father; armorsmith/smithing side.,MISSING locked names; compatible family/smithy roles existed,PRESENT,PRESENT,"Retain exact authored detail in current owners; preserve qualifications, later canon and unrelated OPENs.",live-model/01_KIRA.md#october-8--household-and-rival | live-model/03_VALNEK_PATHS.md#october-8--family-and-independent-social-life
REPAIR-01-04,1. Kira family names — REQUIRED,provenance/diplomatic-pouch-2026-10-08/package/arc1-arc2-repair/package/REPAIR_DELTA.md,- Naira — mother; preserve existing non-blacksmith role.,MISSING locked names; compatible family/smithy roles existed,PRESENT,PRESENT,"Retain exact authored detail in current owners; preserve qualifications, later canon and unrelated OPENs.",live-model/01_KIRA.md#october-8--household-and-rival | live-model/03_VALNEK_PATHS.md#october-8--family-and-independent-social-life
REPAIR-01-05,1. Kira family names — REQUIRED,provenance/diplomatic-pouch-2026-10-08/package/arc1-arc2-repair/package/REPAIR_DELTA.md,- Caelen — older brother; smithing side.,MISSING locked names; compatible family/smithy roles existed,PRESENT,PRESENT,"Retain exact authored detail in current owners; preserve qualifications, later canon and unrelated OPENs.",live-model/01_KIRA.md#october-8--household-and-rival | live-model/03_VALNEK_PATHS.md#october-8--family-and-independent-social-life
REPAIR-01-06,1. Kira family names — REQUIRED,provenance/diplomatic-pouch-2026-10-08/package/arc1-arc2-repair/package/REPAIR_DELTA.md,- Vaedren — older brother; smithing side.,MISSING locked names; compatible family/smithy roles existed,PRESENT,PRESENT,"Retain exact authored detail in current owners; preserve qualifications, later canon and unrelated OPENs.",live-model/01_KIRA.md#october-8--household-and-rival | live-model/03_VALNEK_PATHS.md#october-8--family-and-independent-social-life
REPAIR-01-07,1. Kira family names — REQUIRED,provenance/diplomatic-pouch-2026-10-08/package/arc1-arc2-repair/package/REPAIR_DELTA.md,- Kira.,MISSING locked names; compatible family/smithy roles existed,PRESENT,PRESENT,"Retain exact authored detail in current owners; preserve qualifications, later canon and unrelated OPENs.",live-model/01_KIRA.md#october-8--household-and-rival | live-model/03_VALNEK_PATHS.md#october-8--family-and-independent-social-life
REPAIR-01-08,1. Kira family names — REQUIRED,provenance/diplomatic-pouch-2026-10-08/package/arc1-arc2-repair/package/REPAIR_DELTA.md,- Laina — younger sister.,MISSING locked names; compatible family/smithy roles existed,PRESENT,PRESENT,"Retain exact authored detail in current owners; preserve qualifications, later canon and unrelated OPENs.",live-model/01_KIRA.md#october-8--household-and-rival | live-model/03_VALNEK_PATHS.md#october-8--family-and-independent-social-life
REPAIR-01-09,1. Kira family names — REQUIRED,provenance/diplomatic-pouch-2026-10-08/package/arc1-arc2-repair/package/REPAIR_DELTA.md,Household = mother + father + two older brothers + Kira + younger sister.,MISSING locked names; compatible family/smithy roles existed,PRESENT,PRESENT,"Retain exact authored detail in current owners; preserve qualifications, later canon and unrelated OPENs.",live-model/01_KIRA.md#october-8--household-and-rival | live-model/03_VALNEK_PATHS.md#october-8--family-and-independent-social-life
REPAIR-01-10,1. Kira family names — REQUIRED,provenance/diplomatic-pouch-2026-10-08/package/arc1-arc2-repair/package/REPAIR_DELTA.md,005 remains the family smithy; Maelor/Caelen/Vaedren work the smithing side there.,MISSING locked names; compatible family/smithy roles existed,PRESENT,PRESENT,"Retain exact authored detail in current owners; preserve qualifications, later canon and unrelated OPENs.",live-model/01_KIRA.md#october-8--household-and-rival | live-model/03_VALNEK_PATHS.md#october-8--family-and-independent-social-life
REPAIR-01-11,1. Kira family names — REQUIRED,provenance/diplomatic-pouch-2026-10-08/package/arc1-arc2-repair/package/REPAIR_DELTA.md,Put this in a current authoritative Kira/family owner and update Arc/social references as appropriate. Do not hide it only in provenance.,MISSING locked names; compatible family/smithy roles existed,PRESENT,PRESENT,"Retain exact authored detail in current owners; preserve qualifications, later canon and unrelated OPENs.",live-model/01_KIRA.md#october-8--household-and-rival | live-model/03_VALNEK_PATHS.md#october-8--family-and-independent-social-life
REPAIR-02-01,2. Kaevren — REQUIRED,provenance/diplomatic-pouch-2026-10-08/package/arc1-arc2-repair/package/REPAIR_DELTA.md,The previously unnamed first-cycle noble Solo rival is now LOCKED as **Kaevren**.,MISSING name; rival profile existed,PRESENT,PRESENT,"Retain exact authored detail in current owners; preserve qualifications, later canon and unrelated OPENs.",live-model/01_KIRA.md | story/ARC_01/ARC.md | story/ARC_02/ARC.md
REPAIR-02-02,2. Kaevren — REQUIRED,provenance/diplomatic-pouch-2026-10-08/package/arc1-arc2-repair/package/REPAIR_DELTA.md,"Normal capitalization: K uppercase, rest lowercase.",MISSING name; rival profile existed,PRESENT,PRESENT,"Retain exact authored detail in current owners; preserve qualifications, later canon and unrelated OPENs.",live-model/01_KIRA.md | story/ARC_01/ARC.md | story/ARC_02/ARC.md
REPAIR-02-03,2. Kaevren — REQUIRED,provenance/diplomatic-pouch-2026-10-08/package/arc1-arc2-repair/package/REPAIR_DELTA.md,He remains:,MISSING name; rival profile existed,PRESENT,PRESENT,"Retain exact authored detail in current owners; preserve qualifications, later canon and unrelated OPENs.",live-model/01_KIRA.md | story/ARC_01/ARC.md | story/ARC_02/ARC.md
REPAIR-02-04,2. Kaevren — REQUIRED,provenance/diplomatic-pouch-2026-10-08/package/arc1-arc2-repair/package/REPAIR_DELTA.md,- approximately 21;,MISSING name; rival profile existed,PRESENT,PRESENT,"Retain exact authored detail in current owners; preserve qualifications, later canon and unrelated OPENs.",live-model/01_KIRA.md | story/ARC_01/ARC.md | story/ARC_02/ARC.md
REPAIR-02-05,2. Kaevren — REQUIRED,provenance/diplomatic-pouch-2026-10-08/package/arc1-arc2-repair/package/REPAIR_DELTA.md,- talented/prepared;,MISSING name; rival profile existed,PRESENT,PRESENT,"Retain exact authored detail in current owners; preserve qualifications, later canon and unrelated OPENs.",live-model/01_KIRA.md | story/ARC_01/ARC.md | story/ARC_02/ARC.md
REPAIR-02-06,2. Kaevren — REQUIRED,provenance/diplomatic-pouch-2026-10-08/package/arc1-arc2-repair/package/REPAIR_DELTA.md,- son of a Blue/Raelon landed noble;,MISSING name; rival profile existed,PRESENT,PRESENT,"Retain exact authored detail in current owners; preserve qualifications, later canon and unrelated OPENs.",live-model/01_KIRA.md | story/ARC_01/ARC.md | story/ARC_02/ARC.md
REPAIR-02-07,2. Kaevren — REQUIRED,provenance/diplomatic-pouch-2026-10-08/package/arc1-arc2-repair/package/REPAIR_DELTA.md,- legitimate W8-clear/W9-fail prodigy;,MISSING name; rival profile existed,PRESENT,PRESENT,"Retain exact authored detail in current owners; preserve qualifications, later canon and unrelated OPENs.",live-model/01_KIRA.md | story/ARC_01/ARC.md | story/ARC_02/ARC.md
REPAIR-02-08,2. Kaevren — REQUIRED,provenance/diplomatic-pouch-2026-10-08/package/arc1-arc2-repair/package/REPAIR_DELTA.md,- #2 behind Kira because her validated W9 progress is deeper;,MISSING name; rival profile existed,PRESENT,PRESENT,"Retain exact authored detail in current owners; preserve qualifications, later canon and unrelated OPENs.",live-model/01_KIRA.md | story/ARC_01/ARC.md | story/ARC_02/ARC.md
REPAIR-02-09,2. Kaevren — REQUIRED,provenance/diplomatic-pouch-2026-10-08/package/arc1-arc2-repair/package/REPAIR_DELTA.md,"- arrogant/snobbish competitive foil, not incompetent/evil.",MISSING name; rival profile existed,PRESENT,PRESENT,"Retain exact authored detail in current owners; preserve qualifications, later canon and unrelated OPENs.",live-model/01_KIRA.md | story/ARC_01/ARC.md | story/ARC_02/ARC.md
REPAIR-02-10,2. Kaevren — REQUIRED,provenance/diplomatic-pouch-2026-10-08/package/arc1-arc2-repair/package/REPAIR_DELTA.md,"House/surname, appearance, exact build, final reconciliation remain OPEN.",MISSING name; rival profile existed,PRESENT,PRESENT,"Retain exact authored detail in current owners; preserve qualifications, later canon and unrelated OPENs.",live-model/01_KIRA.md | story/ARC_01/ARC.md | story/ARC_02/ARC.md
REPAIR-02-11,2. Kaevren — REQUIRED,provenance/diplomatic-pouch-2026-10-08/package/arc1-arc2-repair/package/REPAIR_DELTA.md,Update current Kira/Arc One/Arc Two owners that still call him unnamed.,MISSING name; rival profile existed,PRESENT,PRESENT,"Retain exact authored detail in current owners; preserve qualifications, later canon and unrelated OPENs.",live-model/01_KIRA.md | story/ARC_01/ARC.md | story/ARC_02/ARC.md
REPAIR-03-01,3. illi bow baseline — REQUIRED,provenance/diplomatic-pouch-2026-10-08/package/arc1-arc2-repair/package/REPAIR_DELTA.md,Retroactive from Valnak entry:,MISSING bow baseline,PARTIAL bow present; pressure/miss consequence added,PRESENT,"Retain exact authored detail in current owners; preserve qualifications, later canon and unrelated OPENs.",live-model/ILLI_PROGRESSION.md#october-8--early-bow-coherence-and-solo-scope
REPAIR-03-02,3. illi bow baseline — REQUIRED,provenance/diplomatic-pouch-2026-10-08/package/arc1-arc2-repair/package/REPAIR_DELTA.md,- illi is competent with a conventional bow.,MISSING bow baseline,PARTIAL bow present; pressure/miss consequence added,PRESENT,"Retain exact authored detail in current owners; preserve qualifications, later canon and unrelated OPENs.",live-model/ILLI_PROGRESSION.md#october-8--early-bow-coherence-and-solo-scope
REPAIR-03-03,3. illi bow baseline — REQUIRED,provenance/diplomatic-pouch-2026-10-08/package/arc1-arc2-repair/package/REPAIR_DELTA.md,- bow is her principal early offensive equipment while Persistent Coherence is her only Binding.,MISSING bow baseline,PARTIAL bow present; pressure/miss consequence added,PRESENT,"Retain exact authored detail in current owners; preserve qualifications, later canon and unrelated OPENs.",live-model/ILLI_PROGRESSION.md#october-8--early-bow-coherence-and-solo-scope
REPAIR-03-04,3. illi bow baseline — REQUIRED,provenance/diplomatic-pouch-2026-10-08/package/arc1-arc2-repair/package/REPAIR_DELTA.md,"- she is competent, not a legendary archer.",MISSING bow baseline,PARTIAL bow present; pressure/miss consequence added,PRESENT,"Retain exact authored detail in current owners; preserve qualifications, later canon and unrelated OPENs.",live-model/ILLI_PROGRESSION.md#october-8--early-bow-coherence-and-solo-scope
REPAIR-03-05,3. illi bow baseline — REQUIRED,provenance/diplomatic-pouch-2026-10-08/package/arc1-arc2-repair/package/REPAIR_DELTA.md,- early Solo system = Persistent Coherence + bow + simulated formation.,MISSING bow baseline,PARTIAL bow present; pressure/miss consequence added,PRESENT,"Retain exact authored detail in current owners; preserve qualifications, later canon and unrelated OPENs.",live-model/ILLI_PROGRESSION.md#october-8--early-bow-coherence-and-solo-scope
REPAIR-03-06,3. illi bow baseline — REQUIRED,provenance/diplomatic-pouch-2026-10-08/package/arc1-arc2-repair/package/REPAIR_DELTA.md,- successful ranged kills reduce incoming pressure; misses and poor awareness can cascade.,MISSING bow baseline,PARTIAL bow present; pressure/miss consequence added,PRESENT,"Retain exact authored detail in current owners; preserve qualifications, later canon and unrelated OPENs.",live-model/ILLI_PROGRESSION.md#october-8--early-bow-coherence-and-solo-scope
REPAIR-03-07,3. illi bow baseline — REQUIRED,provenance/diplomatic-pouch-2026-10-08/package/arc1-arc2-repair/package/REPAIR_DELTA.md,- later Bindings reduce the bow's centrality but do not erase it.,MISSING bow baseline,PARTIAL bow present; pressure/miss consequence added,PRESENT,"Retain exact authored detail in current owners; preserve qualifications, later canon and unrelated OPENs.",live-model/ILLI_PROGRESSION.md#october-8--early-bow-coherence-and-solo-scope
REPAIR-03-08,3. illi bow baseline — REQUIRED,provenance/diplomatic-pouch-2026-10-08/package/arc1-arc2-repair/package/REPAIR_DELTA.md,Add to current illi/combat owner.,MISSING bow baseline,PARTIAL bow present; pressure/miss consequence added,PRESENT,"Retain exact authored detail in current owners; preserve qualifications, later canon and unrelated OPENs.",live-model/ILLI_PROGRESSION.md#october-8--early-bow-coherence-and-solo-scope
REPAIR-04-01,4. R2D5 bad-run firewall — REQUIRED,provenance/diplomatic-pouch-2026-10-08/package/arc1-arc2-repair/package/REPAIR_DELTA.md,Preserve booked R2D5 W2 result and credit.,PRESENT bad-run scene and140; explicit not-ceiling qualification missing,PRESENT,PRESENT,"Retain exact authored detail in current owners; preserve qualifications, later canon and unrelated OPENs.",live-model/ILLI_PROGRESSION.md | live-model/STORY_CLOCK_STATE.md | world-clock/RED_TO_ORANGE_COMBAT_CALENDAR.md
REPAIR-04-02,4. R2D5 bad-run firewall — REQUIRED,provenance/diplomatic-pouch-2026-10-08/package/arc1-arc2-repair/package/REPAIR_DELTA.md,"It is an intentional anomalous poor run, NOT illi's ceiling:",PRESENT bad-run scene and140; explicit not-ceiling qualification missing,PRESENT,PRESENT,"Retain exact authored detail in current owners; preserve qualifications, later canon and unrelated OPENs.",live-model/ILLI_PROGRESSION.md | live-model/STORY_CLOCK_STATE.md | world-clock/RED_TO_ORANGE_COMBAT_CALENDAR.md
REPAIR-04-03,4. R2D5 bad-run firewall — REQUIRED,provenance/diplomatic-pouch-2026-10-08/package/arc1-arc2-repair/package/REPAIR_DELTA.md,- she tunnel-visions on healing/managing simulated formation;,PRESENT bad-run scene and140; explicit not-ceiling qualification missing,PRESENT,PRESENT,"Retain exact authored detail in current owners; preserve qualifications, later canon and unrelated OPENs.",live-model/ILLI_PROGRESSION.md | live-model/STORY_CLOCK_STATE.md | world-clock/RED_TO_ORANGE_COMBAT_CALENDAR.md
REPAIR-04-04,4. R2D5 bad-run firewall — REQUIRED,provenance/diplomatic-pouch-2026-10-08/package/arc1-arc2-repair/package/REPAIR_DELTA.md,- misses a flank;,PRESENT bad-run scene and140; explicit not-ceiling qualification missing,PRESENT,PRESENT,"Retain exact authored detail in current owners; preserve qualifications, later canon and unrelated OPENs.",live-model/ILLI_PROGRESSION.md | live-model/STORY_CLOCK_STATE.md | world-clock/RED_TO_ORANGE_COMBAT_CALENDAR.md
REPAIR-04-05,4. R2D5 bad-run firewall — REQUIRED,provenance/diplomatic-pouch-2026-10-08/package/arc1-arc2-repair/package/REPAIR_DELTA.md,- is personally overwhelmed/killed early;,PRESENT bad-run scene and140; explicit not-ceiling qualification missing,PRESENT,PRESENT,"Retain exact authored detail in current owners; preserve qualifications, later canon and unrelated OPENs.",live-model/ILLI_PROGRESSION.md | live-model/STORY_CLOCK_STATE.md | world-clock/RED_TO_ORANGE_COMBAT_CALENDAR.md
REPAIR-04-06,4. R2D5 bad-run firewall — REQUIRED,provenance/diplomatic-pouch-2026-10-08/package/arc1-arc2-repair/package/REPAIR_DELTA.md,- becomes frustrated;,PRESENT bad-run scene and140; explicit not-ceiling qualification missing,PRESENT,PRESENT,"Retain exact authored detail in current owners; preserve qualifications, later canon and unrelated OPENs.",live-model/ILLI_PROGRESSION.md | live-model/STORY_CLOCK_STATE.md | world-clock/RED_TO_ORANGE_COMBAT_CALENDAR.md
REPAIR-04-07,4. R2D5 bad-run firewall — REQUIRED,provenance/diplomatic-pouch-2026-10-08/package/arc1-arc2-repair/package/REPAIR_DELTA.md,- Kira takes her for frosted abecca / raeon social decompression.,PRESENT bad-run scene and140; explicit not-ceiling qualification missing,PRESENT,PRESENT,"Retain exact authored detail in current owners; preserve qualifications, later canon and unrelated OPENs.",live-model/ILLI_PROGRESSION.md | live-model/STORY_CLOCK_STATE.md | world-clock/RED_TO_ORANGE_COMBAT_CALENDAR.md
REPAIR-04-08,4. R2D5 bad-run firewall — REQUIRED,provenance/diplomatic-pouch-2026-10-08/package/arc1-arc2-repair/package/REPAIR_DELTA.md,Do not rewrite W2 upward.,PRESENT bad-run scene and140; explicit not-ceiling qualification missing,PRESENT,PRESENT,"Retain exact authored detail in current owners; preserve qualifications, later canon and unrelated OPENs.",live-model/ILLI_PROGRESSION.md | live-model/STORY_CLOCK_STATE.md | world-clock/RED_TO_ORANGE_COMBAT_CALENDAR.md
REPAIR-05-01,5. Location 007 collision — REQUIRED,provenance/diplomatic-pouch-2026-10-08/package/arc1-arc2-repair/package/REPAIR_DELTA.md,"Current Git still has 007 = Opening Ceremony grounds. Newest author lock supersedes the SERIAL, not the existence of the venue.",CONFLICT 007 festival;008 unused,PRESENT,PRESENT,"Retain exact authored detail in current owners; preserve qualifications, later canon and unrelated OPENs.",visual-references/CITY_LOCATION_REGISTRY.csv | live-model/VALNAK_CITY_CULTURE_TRANSPORT.md | live-model/STORY_CLOCK_STATE.md | story/ARC_01/ARC.md | world-clock/RED_TO_ORANGE_COMBAT_CALENDAR.md
REPAIR-05-02,5. Location 007 collision — REQUIRED,provenance/diplomatic-pouch-2026-10-08/package/arc1-arc2-repair/package/REPAIR_DELTA.md,Required:,CONFLICT 007 festival;008 unused,PRESENT,PRESENT,"Retain exact authored detail in current owners; preserve qualifications, later canon and unrelated OPENs.",visual-references/CITY_LOCATION_REGISTRY.csv | live-model/VALNAK_CITY_CULTURE_TRANSPORT.md | live-model/STORY_CLOCK_STATE.md | story/ARC_01/ARC.md | world-clock/RED_TO_ORANGE_COMBAT_CALENDAR.md
REPAIR-05-03,5. Location 007 collision — REQUIRED,provenance/diplomatic-pouch-2026-10-08/package/arc1-arc2-repair/package/REPAIR_DELTA.md,"- 007 = recurring BOOKSTORE, northeast/right of 003 in built-up north-central district.",CONFLICT 007 festival;008 unused,PRESENT,PRESENT,"Retain exact authored detail in current owners; preserve qualifications, later canon and unrelated OPENs.",visual-references/CITY_LOCATION_REGISTRY.csv | live-model/VALNAK_CITY_CULTURE_TRANSPORT.md | live-model/STORY_CLOCK_STATE.md | story/ARC_01/ARC.md | world-clock/RED_TO_ORANGE_COMBAT_CALENDAR.md
REPAIR-05-04,5. Location 007 collision — REQUIRED,provenance/diplomatic-pouch-2026-10-08/package/arc1-arc2-repair/package/REPAIR_DELTA.md,- preserve Opening Ceremony / civic festival grounds on southern lobe of main central island.,CONFLICT 007 festival;008 unused,PRESENT,PRESENT,"Retain exact authored detail in current owners; preserve qualifications, later canon and unrelated OPENs.",visual-references/CITY_LOCATION_REGISTRY.csv | live-model/VALNAK_CITY_CULTURE_TRANSPORT.md | live-model/STORY_CLOCK_STATE.md | story/ARC_01/ARC.md | world-clock/RED_TO_ORANGE_COMBAT_CALENDAR.md
REPAIR-05-05,5. Location 007 collision — REQUIRED,provenance/diplomatic-pouch-2026-10-08/package/arc1-arc2-repair/package/REPAIR_DELTA.md,"- assign Opening Ceremony grounds next unused serial, preferably 008 if registry audit confirms free.",CONFLICT 007 festival;008 unused,PRESENT,PRESENT,"Retain exact authored detail in current owners; preserve qualifications, later canon and unrelated OPENs.",visual-references/CITY_LOCATION_REGISTRY.csv | live-model/VALNAK_CITY_CULTURE_TRANSPORT.md | live-model/STORY_CLOCK_STATE.md | story/ARC_01/ARC.md | world-clock/RED_TO_ORANGE_COMBAT_CALENDAR.md
REPAIR-05-06,5. Location 007 collision — REQUIRED,provenance/diplomatic-pouch-2026-10-08/package/arc1-arc2-repair/package/REPAIR_DELTA.md,- update R1D7 and all registry/current-owner references so no two places share a serial.,CONFLICT 007 festival;008 unused,PRESENT,PRESENT,"Retain exact authored detail in current owners; preserve qualifications, later canon and unrelated OPENs.",visual-references/CITY_LOCATION_REGISTRY.csv | live-model/VALNAK_CITY_CULTURE_TRANSPORT.md | live-model/STORY_CLOCK_STATE.md | story/ARC_01/ARC.md | world-clock/RED_TO_ORANGE_COMBAT_CALENDAR.md
REPAIR-05-07,5. Location 007 collision — REQUIRED,provenance/diplomatic-pouch-2026-10-08/package/arc1-arc2-repair/package/REPAIR_DELTA.md,- preserve 006 formal/event dressmaker.,CONFLICT 007 festival;008 unused,PRESENT,PRESENT,"Retain exact authored detail in current owners; preserve qualifications, later canon and unrelated OPENs.",visual-references/CITY_LOCATION_REGISTRY.csv | live-model/VALNAK_CITY_CULTURE_TRANSPORT.md | live-model/STORY_CLOCK_STATE.md | story/ARC_01/ARC.md | world-clock/RED_TO_ORANGE_COMBAT_CALENDAR.md
REPAIR-05-08,5. Location 007 collision — REQUIRED,provenance/diplomatic-pouch-2026-10-08/package/arc1-arc2-repair/package/REPAIR_DELTA.md,- include/update visual-reference registry as needed.,CONFLICT 007 festival;008 unused,PRESENT,PRESENT,"Retain exact authored detail in current owners; preserve qualifications, later canon and unrelated OPENs.",visual-references/CITY_LOCATION_REGISTRY.csv | live-model/VALNAK_CITY_CULTURE_TRANSPORT.md | live-model/STORY_CLOCK_STATE.md | story/ARC_01/ARC.md | world-clock/RED_TO_ORANGE_COMBAT_CALENDAR.md
REPAIR-06-01,6. Family/social overlay — REQUIRED recoverability,provenance/diplomatic-pouch-2026-10-08/package/arc1-arc2-repair/package/REPAIR_DELTA.md,"These are author-calendar anchors, not mandatory chapter boundaries.",PARTIAL compatible family concept; named later anchors missing,PARTIAL named anchors present; R5D6 family dinner added,PRESENT,"Retain exact authored detail in current owners; preserve qualifications, later canon and unrelated OPENs.",live-model/01_KIRA.md | live-model/03_VALNEK_PATHS.md | live-model/STORY_CLOCK_STATE.md
REPAIR-06-02,6. Family/social overlay — REQUIRED recoverability,provenance/diplomatic-pouch-2026-10-08/package/arc1-arc2-repair/package/REPAIR_DELTA.md,General doctrine:,PARTIAL compatible family concept; named later anchors missing,PARTIAL named anchors present; R5D6 family dinner added,PRESENT,"Retain exact authored detail in current owners; preserve qualifications, later canon and unrelated OPENs.",live-model/01_KIRA.md | live-model/03_VALNEK_PATHS.md | live-model/STORY_CLOCK_STATE.md
REPAIR-06-03,6. Family/social overlay — REQUIRED recoverability,provenance/diplomatic-pouch-2026-10-08/package/arc1-arc2-repair/package/REPAIR_DELTA.md,- Red opening season is intense; family members pursue individual Valnak journeys. Sparse daytime contact != estrangement.,PARTIAL compatible family concept; named later anchors missing,PARTIAL named anchors present; R5D6 family dinner added,PRESENT,"Retain exact authored detail in current owners; preserve qualifications, later canon and unrelated OPENs.",live-model/01_KIRA.md | live-model/03_VALNEK_PATHS.md | live-model/STORY_CLOCK_STATE.md
REPAIR-06-04,6. Family/social overlay — REQUIRED recoverability,provenance/diplomatic-pouch-2026-10-08/package/arc1-arc2-repair/package/REPAIR_DELTA.md,"- after standing invitation, Champion Table is flexible family convergence; attendance varies naturally.",PARTIAL compatible family concept; named later anchors missing,PARTIAL named anchors present; R5D6 family dinner added,PRESENT,"Retain exact authored detail in current owners; preserve qualifications, later canon and unrelated OPENs.",live-model/01_KIRA.md | live-model/03_VALNEK_PATHS.md | live-model/STORY_CLOCK_STATE.md
REPAIR-06-05,6. Family/social overlay — REQUIRED recoverability,provenance/diplomatic-pouch-2026-10-08/package/arc1-arc2-repair/package/REPAIR_DELTA.md,- roughly weekly deliberate catch-up plus flexible dinners can emerge as cycle matures.,PARTIAL compatible family concept; named later anchors missing,PARTIAL named anchors present; R5D6 family dinner added,PRESENT,"Retain exact authored detail in current owners; preserve qualifications, later canon and unrelated OPENs.",live-model/01_KIRA.md | live-model/03_VALNEK_PATHS.md | live-model/STORY_CLOCK_STATE.md
REPAIR-06-06,6. Family/social overlay — REQUIRED recoverability,provenance/diplomatic-pouch-2026-10-08/package/arc1-arc2-repair/package/REPAIR_DELTA.md,Anchors:,PARTIAL compatible family concept; named later anchors missing,PARTIAL named anchors present; R5D6 family dinner added,PRESENT,"Retain exact authored detail in current owners; preserve qualifications, later canon and unrelated OPENs.",live-model/01_KIRA.md | live-model/03_VALNEK_PATHS.md | live-model/STORY_CLOCK_STATE.md
REPAIR-06-07,6. Family/social overlay — REQUIRED recoverability,provenance/diplomatic-pouch-2026-10-08/package/arc1-arc2-repair/package/REPAIR_DELTA.md,- after Kira's first major Solo/Armor breakthrough: excited family show-and-tell.,PARTIAL compatible family concept; named later anchors missing,PARTIAL named anchors present; R5D6 family dinner added,PRESENT,"Retain exact authored detail in current owners; preserve qualifications, later canon and unrelated OPENs.",live-model/01_KIRA.md | live-model/03_VALNEK_PATHS.md | live-model/STORY_CLOCK_STATE.md
REPAIR-06-08,6. Family/social overlay — REQUIRED recoverability,provenance/diplomatic-pouch-2026-10-08/package/arc1-arc2-repair/package/REPAIR_DELTA.md,- first Champion dinner is Elara-arranged surprise; family absence does not imply neglect.,PARTIAL compatible family concept; named later anchors missing,PARTIAL named anchors present; R5D6 family dinner added,PRESENT,"Retain exact authored detail in current owners; preserve qualifications, later canon and unrelated OPENs.",live-model/01_KIRA.md | live-model/03_VALNEK_PATHS.md | live-model/STORY_CLOCK_STATE.md
REPAIR-06-09,6. Family/social overlay — REQUIRED recoverability,provenance/diplomatic-pouch-2026-10-08/package/arc1-arc2-repair/package/REPAIR_DELTA.md,- standing family Champion invitation follows once Kira understands the privilege.,PARTIAL compatible family concept; named later anchors missing,PARTIAL named anchors present; R5D6 family dinner added,PRESENT,"Retain exact authored detail in current owners; preserve qualifications, later canon and unrelated OPENs.",live-model/01_KIRA.md | live-model/03_VALNEK_PATHS.md | live-model/STORY_CLOCK_STATE.md
REPAIR-06-10,6. Family/social overlay — REQUIRED recoverability,provenance/diplomatic-pouch-2026-10-08/package/arc1-arc2-repair/package/REPAIR_DELTA.md,- R2D1 late lunch may include Kira + illi + Naira + Laina.,PARTIAL compatible family concept; named later anchors missing,PARTIAL named anchors present; R5D6 family dinner added,PRESENT,"Retain exact authored detail in current owners; preserve qualifications, later canon and unrelated OPENs.",live-model/01_KIRA.md | live-model/03_VALNEK_PATHS.md | live-model/STORY_CLOCK_STATE.md
REPAIR-06-11,6. Family/social overlay — REQUIRED recoverability,provenance/diplomatic-pouch-2026-10-08/package/arc1-arc2-repair/package/REPAIR_DELTA.md,- R3D6 family catch-up/lunch.,PARTIAL compatible family concept; named later anchors missing,PARTIAL named anchors present; R5D6 family dinner added,PRESENT,"Retain exact authored detail in current owners; preserve qualifications, later canon and unrelated OPENs.",live-model/01_KIRA.md | live-model/03_VALNEK_PATHS.md | live-model/STORY_CLOCK_STATE.md
REPAIR-06-12,6. Family/social overlay — REQUIRED recoverability,provenance/diplomatic-pouch-2026-10-08/package/arc1-arc2-repair/package/REPAIR_DELTA.md,- R4D3 Kira/Naira/Laina shopping; illi optional.,PARTIAL compatible family concept; named later anchors missing,PARTIAL named anchors present; R5D6 family dinner added,PRESENT,"Retain exact authored detail in current owners; preserve qualifications, later canon and unrelated OPENs.",live-model/01_KIRA.md | live-model/03_VALNEK_PATHS.md | live-model/STORY_CLOCK_STATE.md
REPAIR-06-13,6. Family/social overlay — REQUIRED recoverability,provenance/diplomatic-pouch-2026-10-08/package/arc1-arc2-repair/package/REPAIR_DELTA.md,- R5D6 Kira/Naira/Laina/illi girls' day; family dinner.,PARTIAL compatible family concept; named later anchors missing,PARTIAL named anchors present; R5D6 family dinner added,PRESENT,"Retain exact authored detail in current owners; preserve qualifications, later canon and unrelated OPENs.",live-model/01_KIRA.md | live-model/03_VALNEK_PATHS.md | live-model/STORY_CLOCK_STATE.md
REPAIR-06-14,6. Family/social overlay — REQUIRED recoverability,provenance/diplomatic-pouch-2026-10-08/package/arc1-arc2-repair/package/REPAIR_DELTA.md,- R6D5 Kira visits 005 and takes Maelor/Caelen/Vaedren to Champion Table lunch; Naira/Laina elsewhere; illi independent.,PARTIAL compatible family concept; named later anchors missing,PARTIAL named anchors present; R5D6 family dinner added,PRESENT,"Retain exact authored detail in current owners; preserve qualifications, later canon and unrelated OPENs.",live-model/01_KIRA.md | live-model/03_VALNEK_PATHS.md | live-model/STORY_CLOCK_STATE.md
REPAIR-07-01,7. R4D5 Burrower — REQUIRED,provenance/diplomatic-pouch-2026-10-08/package/arc1-arc2-repair/package/REPAIR_DELTA.md,R4D5 was previously OPEN in the minimum scaffold. Author has now used that negative space for a BONUS first-season Normal Raid event:,MISSING dated Burrower; minimum row OPEN,PARTIAL story/economy present; calendar annotation added,PRESENT,Bonus2500 each belongs to actual/discretionary surplus; no change to minimum balance or purchase dates.,world-clock/RED_TO_ORANGE_COMBAT_CALENDAR.md | live-model/STORY_CLOCK_STATE.md | live-model/ECONOMY_PURCHASE_SCHEDULE.md
REPAIR-07-02,7. R4D5 Burrower — REQUIRED,provenance/diplomatic-pouch-2026-10-08/package/arc1-arc2-repair/package/REPAIR_DELTA.md,- Red-B **Burrower** progression.,MISSING dated Burrower; minimum row OPEN,PARTIAL story/economy present; calendar annotation added,PRESENT,Bonus2500 each belongs to actual/discretionary surplus; no change to minimum balance or purchase dates.,world-clock/RED_TO_ORANGE_COMBAT_CALENDAR.md | live-model/STORY_CLOCK_STATE.md | live-model/ECONOMY_PURCHASE_SCHEDULE.md
REPAIR-07-03,7. R4D5 Burrower — REQUIRED,provenance/diplomatic-pouch-2026-10-08/package/arc1-arc2-repair/package/REPAIR_DELTA.md,- eventual CLEAR.,MISSING dated Burrower; minimum row OPEN,PARTIAL story/economy present; calendar annotation added,PRESENT,Bonus2500 each belongs to actual/discretionary surplus; no change to minimum balance or purchase dates.,world-clock/RED_TO_ORANGE_COMBAT_CALENDAR.md | live-model/STORY_CLOCK_STATE.md | live-model/ECONOMY_PURCHASE_SCHEDULE.md
REPAIR-07-04,7. R4D5 Burrower — REQUIRED,provenance/diplomatic-pouch-2026-10-08/package/arc1-arc2-repair/package/REPAIR_DELTA.md,"- +2,500 credits each as ACTUAL/DISCRETIONARY wallet surplus.",MISSING dated Burrower; minimum row OPEN,PARTIAL story/economy present; calendar annotation added,PRESENT,Bonus2500 each belongs to actual/discretionary surplus; no change to minimum balance or purchase dates.,world-clock/RED_TO_ORANGE_COMBAT_CALENDAR.md | live-model/STORY_CLOCK_STATE.md | live-model/ECONOMY_PURCHASE_SCHEDULE.md
REPAIR-07-05,7. R4D5 Burrower — REQUIRED,provenance/diplomatic-pouch-2026-10-08/package/arc1-arc2-repair/package/REPAIR_DELTA.md,"- do NOT add this +2,500 to illi's minimum progression balance or move PC purchase dates.",MISSING dated Burrower; minimum row OPEN,PARTIAL story/economy present; calendar annotation added,PRESENT,Bonus2500 each belongs to actual/discretionary surplus; no change to minimum balance or purchase dates.,world-clock/RED_TO_ORANGE_COMBAT_CALENDAR.md | live-model/STORY_CLOCK_STATE.md | live-model/ECONOMY_PURCHASE_SCHEDULE.md
REPAIR-07-06,7. R4D5 Burrower — REQUIRED,provenance/diplomatic-pouch-2026-10-08/package/arc1-arc2-repair/package/REPAIR_DELTA.md,- annotate the calendar/story clock so the day is no longer narratively blank while preserving the minimum-ledger doctrine.,MISSING dated Burrower; minimum row OPEN,PARTIAL story/economy present; calendar annotation added,PRESENT,Bonus2500 each belongs to actual/discretionary surplus; no change to minimum balance or purchase dates.,world-clock/RED_TO_ORANGE_COMBAT_CALENDAR.md | live-model/STORY_CLOCK_STATE.md | live-model/ECONOMY_PURCHASE_SCHEDULE.md
REPAIR-08-01,8. R6D6 specificity — REQUIRED,provenance/diplomatic-pouch-2026-10-08/package/arc1-arc2-repair/package/REPAIR_DELTA.md,"Existing generic row ""Red repeat -> Orange boss"" is now authored as:",PARTIAL generic Red repeat/Orange clear3750,PARTIAL story present; calendar identity and overlap mechanism added,PRESENT,"Retain exact authored detail in current owners; preserve qualifications, later canon and unrelated OPENs.",world-clock/RED_TO_ORANGE_COMBAT_CALENDAR.md | live-model/STORY_CLOCK_STATE.md
REPAIR-08-02,8. R6D6 specificity — REQUIRED,provenance/diplomatic-pouch-2026-10-08/package/arc1-arc2-repair/package/REPAIR_DELTA.md,- previously cleared Red content may be repeated as warm-up; no repeat major reward;,PARTIAL generic Red repeat/Orange clear3750,PARTIAL story present; calendar identity and overlap mechanism added,PRESENT,"Retain exact authored detail in current owners; preserve qualifications, later canon and unrelated OPENs.",world-clock/RED_TO_ORANGE_COMBAT_CALENDAR.md | live-model/STORY_CLOCK_STATE.md
REPAIR-08-03,8. R6D6 specificity — REQUIRED,provenance/diplomatic-pouch-2026-10-08/package/arc1-arc2-repair/package/REPAIR_DELTA.md,- Orange-A **Coherence Twins**;,PARTIAL generic Red repeat/Orange clear3750,PARTIAL story present; calendar identity and overlap mechanism added,PRESENT,"Retain exact authored detail in current owners; preserve qualifications, later canon and unrelated OPENs.",world-clock/RED_TO_ORANGE_COMBAT_CALENDAR.md | live-model/STORY_CLOCK_STATE.md
REPAIR-08-04,8. R6D6 specificity — REQUIRED,provenance/diplomatic-pouch-2026-10-08/package/arc1-arc2-repair/package/REPAIR_DELTA.md,- two monsters; group separates them because overlapping coherence allows mutual sustain/healing;,PARTIAL generic Red repeat/Orange clear3750,PARTIAL story present; calendar identity and overlap mechanism added,PRESENT,"Retain exact authored detail in current owners; preserve qualifications, later canon and unrelated OPENs.",world-clock/RED_TO_ORANGE_COMBAT_CALENDAR.md | live-model/STORY_CLOCK_STATE.md
REPAIR-08-05,8. R6D6 specificity — REQUIRED,provenance/diplomatic-pouch-2026-10-08/package/arc1-arc2-repair/package/REPAIR_DELTA.md,- working strategy is 5/5 separation;,PARTIAL generic Red repeat/Orange clear3750,PARTIAL story present; calendar identity and overlap mechanism added,PRESENT,"Retain exact authored detail in current owners; preserve qualifications, later canon and unrelated OPENs.",world-clock/RED_TO_ORANGE_COMBAT_CALENDAR.md | live-model/STORY_CLOCK_STATE.md
REPAIR-08-06,8. R6D6 specificity — REQUIRED,provenance/diplomatic-pouch-2026-10-08/package/arc1-arc2-repair/package/REPAIR_DELTA.md,- repeated failures before eventual CLEAR;,PARTIAL generic Red repeat/Orange clear3750,PARTIAL story present; calendar identity and overlap mechanism added,PRESENT,"Retain exact authored detail in current owners; preserve qualifications, later canon and unrelated OPENs.",world-clock/RED_TO_ORANGE_COMBAT_CALENDAR.md | live-model/STORY_CLOCK_STATE.md
REPAIR-08-07,8. R6D6 specificity — REQUIRED,provenance/diplomatic-pouch-2026-10-08/package/arc1-arc2-repair/package/REPAIR_DELTA.md,"- +3,750 remains the already-booked progression reward.",PARTIAL generic Red repeat/Orange clear3750,PARTIAL story present; calendar identity and overlap mechanism added,PRESENT,"Retain exact authored detail in current owners; preserve qualifications, later canon and unrelated OPENs.",world-clock/RED_TO_ORANGE_COMBAT_CALENDAR.md | live-model/STORY_CLOCK_STATE.md
REPAIR-08-08,8. R6D6 specificity — REQUIRED,provenance/diplomatic-pouch-2026-10-08/package/arc1-arc2-repair/package/REPAIR_DELTA.md,Update current calendar/story owner with identity without changing arithmetic.,PARTIAL generic Red repeat/Orange clear3750,PARTIAL story present; calendar identity and overlap mechanism added,PRESENT,"Retain exact authored detail in current owners; preserve qualifications, later canon and unrelated OPENs.",world-clock/RED_TO_ORANGE_COMBAT_CALENDAR.md | live-model/STORY_CLOCK_STATE.md
REPAIR-09-01,9. Red W5 domai social chronology — REQUIRED,provenance/diplomatic-pouch-2026-10-08/package/arc1-arc2-repair/package/REPAIR_DELTA.md,Preserve current correct scaffold:,"PRESENT active D1/D2,D3 recovery,zero payout; social texture missing",PARTIAL active/lockout/zero present; expiry and appointment made explicit,PRESENT,"D1/D2 activity, D3 full-day same-domai recovery, D4 elimination and D7 expiry/zero retained; no lockout bypass. Exact first-night staging OPEN.",live-model/DOMAI_PARTICIPATION.md | live-model/STORY_CLOCK_STATE.md | world-clock/RED_TO_ORANGE_COMBAT_CALENDAR.md
REPAIR-09-02,9. Red W5 domai social chronology — REQUIRED,provenance/diplomatic-pouch-2026-10-08/package/arc1-arc2-repair/package/REPAIR_DELTA.md,- R5D1 active domai day 1; major first-domai exposure; do not create D2 lockout contradiction.,"PRESENT active D1/D2,D3 recovery,zero payout; social texture missing",PARTIAL active/lockout/zero present; expiry and appointment made explicit,PRESENT,"D1/D2 activity, D3 full-day same-domai recovery, D4 elimination and D7 expiry/zero retained; no lockout bypass. Exact first-night staging OPEN.",live-model/DOMAI_PARTICIPATION.md | live-model/STORY_CLOCK_STATE.md | world-clock/RED_TO_ORANGE_COMBAT_CALENDAR.md
REPAIR-09-03,9. Red W5 domai social chronology — REQUIRED,provenance/diplomatic-pouch-2026-10-08/package/arc1-arc2-repair/package/REPAIR_DELTA.md,- R5D2 active domai day 2; illi eventually fatigues/dies/exits; Kira continues longer then is overrun/dies/exits.,"PRESENT active D1/D2,D3 recovery,zero payout; social texture missing",PARTIAL active/lockout/zero present; expiry and appointment made explicit,PRESENT,"D1/D2 activity, D3 full-day same-domai recovery, D4 elimination and D7 expiry/zero retained; no lockout bypass. Exact first-night staging OPEN.",live-model/DOMAI_PARTICIPATION.md | live-model/STORY_CLOCK_STATE.md | world-clock/RED_TO_ORANGE_COMBAT_CALENDAR.md
REPAIR-09-04,9. Red W5 domai social chronology — REQUIRED,provenance/diplomatic-pouch-2026-10-08/package/arc1-arc2-repair/package/REPAIR_DELTA.md,- R5D3 mandatory same-domai recovery lock.,"PRESENT active D1/D2,D3 recovery,zero payout; social texture missing",PARTIAL active/lockout/zero present; expiry and appointment made explicit,PRESENT,"D1/D2 activity, D3 full-day same-domai recovery, D4 elimination and D7 expiry/zero retained; no lockout bypass. Exact first-night staging OPEN.",live-model/DOMAI_PARTICIPATION.md | live-model/STORY_CLOCK_STATE.md | world-clock/RED_TO_ORANGE_COMBAT_CALENDAR.md
REPAIR-09-05,9. Red W5 domai social chronology — REQUIRED,provenance/diplomatic-pouch-2026-10-08/package/arc1-arc2-repair/package/REPAIR_DELTA.md,- R5D4 raeon tournament; Kira+illi participate and are eliminated.,"PRESENT active D1/D2,D3 recovery,zero payout; social texture missing",PARTIAL active/lockout/zero present; expiry and appointment made explicit,PRESENT,"D1/D2 activity, D3 full-day same-domai recovery, D4 elimination and D7 expiry/zero retained; no lockout bypass. Exact first-night staging OPEN.",live-model/DOMAI_PARTICIPATION.md | live-model/STORY_CLOCK_STATE.md | world-clock/RED_TO_ORANGE_COMBAT_CALENDAR.md
REPAIR-09-06,9. Red W5 domai social chronology — REQUIRED,provenance/diplomatic-pouch-2026-10-08/package/arc1-arc2-repair/package/REPAIR_DELTA.md,- R5D7 eligibility expires without conquest; payout = 0.,"PRESENT active D1/D2,D3 recovery,zero payout; social texture missing",PARTIAL active/lockout/zero present; expiry and appointment made explicit,PRESENT,"D1/D2 activity, D3 full-day same-domai recovery, D4 elimination and D7 expiry/zero retained; no lockout bypass. Exact first-night staging OPEN.",live-model/DOMAI_PARTICIPATION.md | live-model/STORY_CLOCK_STATE.md | world-clock/RED_TO_ORANGE_COMBAT_CALENDAR.md
REPAIR-09-07,9. Red W5 domai social chronology — REQUIRED,provenance/diplomatic-pouch-2026-10-08/package/arc1-arc2-repair/package/REPAIR_DELTA.md,Social texture: R5D3 beach/books/naps/food; R5D6 girls' day; R5D7 decapitation-highlight comedy is authored optional texture.,"PRESENT active D1/D2,D3 recovery,zero payout; social texture missing",PARTIAL active/lockout/zero present; expiry and appointment made explicit,PRESENT,"D1/D2 activity, D3 full-day same-domai recovery, D4 elimination and D7 expiry/zero retained; no lockout bypass. Exact first-night staging OPEN.",live-model/DOMAI_PARTICIPATION.md | live-model/STORY_CLOCK_STATE.md | world-clock/RED_TO_ORANGE_COMBAT_CALENDAR.md
REPAIR-10-01,10. Red W6/W7 social overlay — REQUIRED recoverability,provenance/diplomatic-pouch-2026-10-08/package/arc1-arc2-repair/package/REPAIR_DELTA.md,R6:,MISSING detailed Red W6/W7 overlay,PRESENT,PRESENT,"All supplied daily directions present, optional Solos/results/credits remain OPEN; no chapter allocations; temporary decks do not confer ownership.",live-model/STORY_CLOCK_STATE.md | live-model/RAEON.md | story/ARC_02/ARC.md
REPAIR-10-02,10. Red W6/W7 social overlay — REQUIRED recoverability,provenance/diplomatic-pouch-2026-10-08/package/arc1-arc2-repair/package/REPAIR_DELTA.md,- D1 Orange x2 via recurring male leader/friend; post-run coffee/lunch.,MISSING detailed Red W6/W7 overlay,PRESENT,PRESENT,"All supplied daily directions present, optional Solos/results/credits remain OPEN; no chapter allocations; temporary decks do not confer ownership.",live-model/STORY_CLOCK_STATE.md | live-model/RAEON.md | story/ARC_02/ARC.md
REPAIR-10-03,10. Red W6/W7 social overlay — REQUIRED recoverability,provenance/diplomatic-pouch-2026-10-08/package/arc1-arc2-repair/package/REPAIR_DELTA.md,- D2 beach/read leisure.,MISSING detailed Red W6/W7 overlay,PRESENT,PRESENT,"All supplied daily directions present, optional Solos/results/credits remain OPEN; no chapter allocations; temporary decks do not confer ownership.",live-model/STORY_CLOCK_STATE.md | live-model/RAEON.md | story/ARC_02/ARC.md
REPAIR-10-04,10. Red W6/W7 social overlay — REQUIRED recoverability,provenance/diplomatic-pouch-2026-10-08/package/arc1-arc2-repair/package/REPAIR_DELTA.md,- D3 Duo W10.,MISSING detailed Red W6/W7 overlay,PRESENT,PRESENT,"All supplied daily directions present, optional Solos/results/credits remain OPEN; no chapter allocations; temporary decks do not confer ownership.",live-model/STORY_CLOCK_STATE.md | live-model/RAEON.md | story/ARC_02/ARC.md
REPAIR-10-05,10. Red W6/W7 social overlay — REQUIRED recoverability,provenance/diplomatic-pouch-2026-10-08/package/arc1-arc2-repair/package/REPAIR_DELTA.md,- D4 optional illi Solo/top-off exact reward OPEN; PC Green; bookstore 007.,MISSING detailed Red W6/W7 overlay,PRESENT,PRESENT,"All supplied daily directions present, optional Solos/results/credits remain OPEN; no chapter allocations; temporary decks do not confer ownership.",live-model/STORY_CLOCK_STATE.md | live-model/RAEON.md | story/ARC_02/ARC.md
REPAIR-10-06,10. Red W6/W7 social overlay — REQUIRED recoverability,provenance/diplomatic-pouch-2026-10-08/package/arc1-arc2-repair/package/REPAIR_DELTA.md,- D5 Kira + Maelor + Caelen + Vaedren lunch.,MISSING detailed Red W6/W7 overlay,PRESENT,PRESENT,"All supplied daily directions present, optional Solos/results/credits remain OPEN; no chapter allocations; temporary decks do not confer ownership.",live-model/STORY_CLOCK_STATE.md | live-model/RAEON.md | story/ARC_02/ARC.md
REPAIR-10-07,10. Red W6/W7 social overlay — REQUIRED recoverability,provenance/diplomatic-pouch-2026-10-08/package/arc1-arc2-repair/package/REPAIR_DELTA.md,- D6 Coherence Twins clear as above.,MISSING detailed Red W6/W7 overlay,PRESENT,PRESENT,"All supplied daily directions present, optional Solos/results/credits remain OPEN; no chapter allocations; temporary decks do not confer ownership.",live-model/STORY_CLOCK_STATE.md | live-model/RAEON.md | story/ARC_02/ARC.md
REPAIR-10-08,10. Red W6/W7 social overlay — REQUIRED recoverability,provenance/diplomatic-pouch-2026-10-08/package/arc1-arc2-repair/package/REPAIR_DELTA.md,- D7 leisure.,MISSING detailed Red W6/W7 overlay,PRESENT,PRESENT,"All supplied daily directions present, optional Solos/results/credits remain OPEN; no chapter allocations; temporary decks do not confer ownership.",live-model/STORY_CLOCK_STATE.md | live-model/RAEON.md | story/ARC_02/ARC.md
REPAIR-10-09,10. Red W6/W7 social overlay — REQUIRED recoverability,provenance/diplomatic-pouch-2026-10-08/package/arc1-arc2-repair/package/REPAIR_DELTA.md,R7:,MISSING detailed Red W6/W7 overlay,PRESENT,PRESENT,"All supplied daily directions present, optional Solos/results/credits remain OPEN; no chapter allocations; temporary decks do not confer ownership.",live-model/STORY_CLOCK_STATE.md | live-model/RAEON.md | story/ARC_02/ARC.md
REPAIR-10-10,10. Red W6/W7 social overlay — REQUIRED recoverability,provenance/diplomatic-pouch-2026-10-08/package/arc1-arc2-repair/package/REPAIR_DELTA.md,"- D1 Orange x2; morning Kira Builder, illi reads, ~13:00 PUG.",MISSING detailed Red W6/W7 overlay,PRESENT,PRESENT,"All supplied daily directions present, optional Solos/results/credits remain OPEN; no chapter allocations; temporary decks do not confer ownership.",live-model/STORY_CLOCK_STATE.md | live-model/RAEON.md | story/ARC_02/ARC.md
REPAIR-10-11,10. Red W6/W7 social overlay — REQUIRED recoverability,provenance/diplomatic-pouch-2026-10-08/package/arc1-arc2-repair/package/REPAIR_DELTA.md,- D2 girls' day/open social.,MISSING detailed Red W6/W7 overlay,PRESENT,PRESENT,"All supplied daily directions present, optional Solos/results/credits remain OPEN; no chapter allocations; temporary decks do not confer ownership.",live-model/STORY_CLOCK_STATE.md | live-model/RAEON.md | story/ARC_02/ARC.md
REPAIR-10-12,10. Red W6/W7 social overlay — REQUIRED recoverability,provenance/diplomatic-pouch-2026-10-08/package/arc1-arc2-repair/package/REPAIR_DELTA.md,- D3 Duo W10; afterward 001 raeon temporary deck realization/playtesting.,MISSING detailed Red W6/W7 overlay,PRESENT,PRESENT,"All supplied daily directions present, optional Solos/results/credits remain OPEN; no chapter allocations; temporary decks do not confer ownership.",live-model/STORY_CLOCK_STATE.md | live-model/RAEON.md | story/ARC_02/ARC.md
REPAIR-10-13,10. Red W6/W7 social overlay — REQUIRED recoverability,provenance/diplomatic-pouch-2026-10-08/package/arc1-arc2-repair/package/REPAIR_DELTA.md,- D4 Orange x2 via recurring leader; frosted abecca/lunch.,MISSING detailed Red W6/W7 overlay,PRESENT,PRESENT,"All supplied daily directions present, optional Solos/results/credits remain OPEN; no chapter allocations; temporary decks do not confer ownership.",live-model/STORY_CLOCK_STATE.md | live-model/RAEON.md | story/ARC_02/ARC.md
REPAIR-10-14,10. Red W6/W7 social overlay — REQUIRED recoverability,provenance/diplomatic-pouch-2026-10-08/package/arc1-arc2-repair/package/REPAIR_DELTA.md,"- D5 Ghost Base; Kira read/Builder; illi may run TWO optional Solos, exact results/credits OPEN.",MISSING detailed Red W6/W7 overlay,PRESENT,PRESENT,"All supplied daily directions present, optional Solos/results/credits remain OPEN; no chapter allocations; temporary decks do not confer ownership.",live-model/STORY_CLOCK_STATE.md | live-model/RAEON.md | story/ARC_02/ARC.md
REPAIR-10-15,10. Red W6/W7 social overlay — REQUIRED recoverability,provenance/diplomatic-pouch-2026-10-08/package/arc1-arc2-repair/package/REPAIR_DELTA.md,- D6 Duo W10; late meal/dinner/highlights.,MISSING detailed Red W6/W7 overlay,PRESENT,PRESENT,"All supplied daily directions present, optional Solos/results/credits remain OPEN; no chapter allocations; temporary decks do not confer ownership.",live-model/STORY_CLOCK_STATE.md | live-model/RAEON.md | story/ARC_02/ARC.md
REPAIR-10-16,10. Red W6/W7 social overlay — REQUIRED recoverability,provenance/diplomatic-pouch-2026-10-08/package/arc1-arc2-repair/package/REPAIR_DELTA.md,- D7 Orange x2; Kira/illi recruit recurring leader and induce him to lead again; invite him to Champion Table. Extended Red-season finale Highlights ~2–2.5h WORKING duration.,MISSING detailed Red W6/W7 overlay,PRESENT,PRESENT,"All supplied daily directions present, optional Solos/results/credits remain OPEN; no chapter allocations; temporary decks do not confer ownership.",live-model/STORY_CLOCK_STATE.md | live-model/RAEON.md | story/ARC_02/ARC.md
REPAIR-10-17,10. Red W6/W7 social overlay — REQUIRED recoverability,provenance/diplomatic-pouch-2026-10-08/package/arc1-arc2-repair/package/REPAIR_DELTA.md,"At 001, temporary legal deck realization for in-store playtesting does NOT confer card ownership.",MISSING detailed Red W6/W7 overlay,PRESENT,PRESENT,"All supplied daily directions present, optional Solos/results/credits remain OPEN; no chapter allocations; temporary decks do not confer ownership.",live-model/STORY_CLOCK_STATE.md | live-model/RAEON.md | story/ARC_02/ARC.md
REPAIR-11-01,11. Orange Week 1 — REQUIRED,provenance/diplomatic-pouch-2026-10-08/package/arc1-arc2-repair/package/REPAIR_DELTA.md,Preserve minimum progression rows/arithmetic.,PARTIAL minimum rows present; named roster/outcomes absent,PARTIAL named results present; explicit not-attempted and calendar annotation added,PRESENT_WITH_OPEN_CONFLICT,O1D6 six outcomes and zero Orange reward explicit; minimum ledger bytes preserved. O4D2 Red duplicate remains an explicitly disclosed cross-calendar conflict pending author decision; not silently reconciled.,world-clock/RED_TO_ORANGE_COMBAT_CALENDAR.md | live-model/STORY_CLOCK_STATE.md | live-model/ECONOMY_PURCHASE_SCHEDULE.md | world-clock/ARC3_ORANGE_CALENDAR.md
REPAIR-11-02,11. Orange Week 1 — REQUIRED,provenance/diplomatic-pouch-2026-10-08/package/arc1-arc2-repair/package/REPAIR_DELTA.md,O1D1 Duo W10.,PARTIAL minimum rows present; named roster/outcomes absent,PARTIAL named results present; explicit not-attempted and calendar annotation added,PRESENT_WITH_OPEN_CONFLICT,O1D6 six outcomes and zero Orange reward explicit; minimum ledger bytes preserved. O4D2 Red duplicate remains an explicitly disclosed cross-calendar conflict pending author decision; not silently reconciled.,world-clock/RED_TO_ORANGE_COMBAT_CALENDAR.md | live-model/STORY_CLOCK_STATE.md | live-model/ECONOMY_PURCHASE_SCHEDULE.md | world-clock/ARC3_ORANGE_CALENDAR.md
REPAIR-11-03,11. Orange Week 1 — REQUIRED,provenance/diplomatic-pouch-2026-10-08/package/arc1-arc2-repair/package/REPAIR_DELTA.md,O1D2 Orange x2.,PARTIAL minimum rows present; named roster/outcomes absent,PARTIAL named results present; explicit not-attempted and calendar annotation added,PRESENT_WITH_OPEN_CONFLICT,O1D6 six outcomes and zero Orange reward explicit; minimum ledger bytes preserved. O4D2 Red duplicate remains an explicitly disclosed cross-calendar conflict pending author decision; not silently reconciled.,world-clock/RED_TO_ORANGE_COMBAT_CALENDAR.md | live-model/STORY_CLOCK_STATE.md | live-model/ECONOMY_PURCHASE_SCHEDULE.md | world-clock/ARC3_ORANGE_CALENDAR.md
REPAIR-11-04,11. Orange Week 1 — REQUIRED,provenance/diplomatic-pouch-2026-10-08/package/arc1-arc2-repair/package/REPAIR_DELTA.md,O1D3 Duo W10.,PARTIAL minimum rows present; named roster/outcomes absent,PARTIAL named results present; explicit not-attempted and calendar annotation added,PRESENT_WITH_OPEN_CONFLICT,O1D6 six outcomes and zero Orange reward explicit; minimum ledger bytes preserved. O4D2 Red duplicate remains an explicitly disclosed cross-calendar conflict pending author decision; not silently reconciled.,world-clock/RED_TO_ORANGE_COMBAT_CALENDAR.md | live-model/STORY_CLOCK_STATE.md | live-model/ECONOMY_PURCHASE_SCHEDULE.md | world-clock/ARC3_ORANGE_CALENDAR.md
REPAIR-11-05,11. Orange Week 1 — REQUIRED,provenance/diplomatic-pouch-2026-10-08/package/arc1-arc2-repair/package/REPAIR_DELTA.md,O1D4 PC Blue / White Legacy qualification/acceptance; minimum balance 952.,PARTIAL minimum rows present; named roster/outcomes absent,PARTIAL named results present; explicit not-attempted and calendar annotation added,PRESENT_WITH_OPEN_CONFLICT,O1D6 six outcomes and zero Orange reward explicit; minimum ledger bytes preserved. O4D2 Red duplicate remains an explicitly disclosed cross-calendar conflict pending author decision; not silently reconciled.,world-clock/RED_TO_ORANGE_COMBAT_CALENDAR.md | live-model/STORY_CLOCK_STATE.md | live-model/ECONOMY_PURCHASE_SCHEDULE.md | world-clock/ARC3_ORANGE_CALENDAR.md
REPAIR-11-06,11. Orange Week 1 — REQUIRED,provenance/diplomatic-pouch-2026-10-08/package/arc1-arc2-repair/package/REPAIR_DELTA.md,O1D5 OPEN/social; royal-family aftermath is a strong candidate but exact attendance flexible.,PARTIAL minimum rows present; named roster/outcomes absent,PARTIAL named results present; explicit not-attempted and calendar annotation added,PRESENT_WITH_OPEN_CONFLICT,O1D6 six outcomes and zero Orange reward explicit; minimum ledger bytes preserved. O4D2 Red duplicate remains an explicitly disclosed cross-calendar conflict pending author decision; not silently reconciled.,world-clock/RED_TO_ORANGE_COMBAT_CALENDAR.md | live-model/STORY_CLOCK_STATE.md | live-model/ECONOMY_PURCHASE_SCHEDULE.md | world-clock/ARC3_ORANGE_CALENDAR.md
REPAIR-11-07,11. Orange Week 1 — REQUIRED,provenance/diplomatic-pouch-2026-10-08/package/arc1-arc2-repair/package/REPAIR_DELTA.md,O1D6 NEW seasonal Normal Raid roster:,PARTIAL minimum rows present; named roster/outcomes absent,PARTIAL named results present; explicit not-attempted and calendar annotation added,PRESENT_WITH_OPEN_CONFLICT,O1D6 six outcomes and zero Orange reward explicit; minimum ledger bytes preserved. O4D2 Red duplicate remains an explicitly disclosed cross-calendar conflict pending author decision; not silently reconciled.,world-clock/RED_TO_ORANGE_COMBAT_CALENDAR.md | live-model/STORY_CLOCK_STATE.md | live-model/ECONOMY_PURCHASE_SCHEDULE.md | world-clock/ARC3_ORANGE_CALENDAR.md
REPAIR-11-08,11. Orange Week 1 — REQUIRED,provenance/diplomatic-pouch-2026-10-08/package/arc1-arc2-repair/package/REPAIR_DELTA.md,- Red A **Sixfold** CLEAR.,PARTIAL minimum rows present; named roster/outcomes absent,PARTIAL named results present; explicit not-attempted and calendar annotation added,PRESENT_WITH_OPEN_CONFLICT,O1D6 six outcomes and zero Orange reward explicit; minimum ledger bytes preserved. O4D2 Red duplicate remains an explicitly disclosed cross-calendar conflict pending author decision; not silently reconciled.,world-clock/RED_TO_ORANGE_COMBAT_CALENDAR.md | live-model/STORY_CLOCK_STATE.md | live-model/ECONOMY_PURCHASE_SCHEDULE.md | world-clock/ARC3_ORANGE_CALENDAR.md
REPAIR-11-09,11. Orange Week 1 — REQUIRED,provenance/diplomatic-pouch-2026-10-08/package/arc1-arc2-repair/package/REPAIR_DELTA.md,- Red B **Triumvirate** CLEAR.,PARTIAL minimum rows present; named roster/outcomes absent,PARTIAL named results present; explicit not-attempted and calendar annotation added,PRESENT_WITH_OPEN_CONFLICT,O1D6 six outcomes and zero Orange reward explicit; minimum ledger bytes preserved. O4D2 Red duplicate remains an explicitly disclosed cross-calendar conflict pending author decision; not silently reconciled.,world-clock/RED_TO_ORANGE_COMBAT_CALENDAR.md | live-model/STORY_CLOCK_STATE.md | live-model/ECONOMY_PURCHASE_SCHEDULE.md | world-clock/ARC3_ORANGE_CALENDAR.md
REPAIR-11-10,11. Orange Week 1 — REQUIRED,provenance/diplomatic-pouch-2026-10-08/package/arc1-arc2-repair/package/REPAIR_DELTA.md,"- Orange A **Black Orchard** attempted repeatedly, FAILS, remains alive.",PARTIAL minimum rows present; named roster/outcomes absent,PARTIAL named results present; explicit not-attempted and calendar annotation added,PRESENT_WITH_OPEN_CONFLICT,O1D6 six outcomes and zero Orange reward explicit; minimum ledger bytes preserved. O4D2 Red duplicate remains an explicitly disclosed cross-calendar conflict pending author decision; not silently reconciled.,world-clock/RED_TO_ORANGE_COMBAT_CALENDAR.md | live-model/STORY_CLOCK_STATE.md | live-model/ECONOMY_PURCHASE_SCHEDULE.md | world-clock/ARC3_ORANGE_CALENDAR.md
REPAIR-11-11,11. Orange Week 1 — REQUIRED,provenance/diplomatic-pouch-2026-10-08/package/arc1-arc2-repair/package/REPAIR_DELTA.md,- group disbands after repeated deaths.,PARTIAL minimum rows present; named roster/outcomes absent,PARTIAL named results present; explicit not-attempted and calendar annotation added,PRESENT_WITH_OPEN_CONFLICT,O1D6 six outcomes and zero Orange reward explicit; minimum ledger bytes preserved. O4D2 Red duplicate remains an explicitly disclosed cross-calendar conflict pending author decision; not silently reconciled.,world-clock/RED_TO_ORANGE_COMBAT_CALENDAR.md | live-model/STORY_CLOCK_STATE.md | live-model/ECONOMY_PURCHASE_SCHEDULE.md | world-clock/ARC3_ORANGE_CALENDAR.md
REPAIR-11-12,11. Orange Week 1 — REQUIRED,provenance/diplomatic-pouch-2026-10-08/package/arc1-arc2-repair/package/REPAIR_DELTA.md,- Orange B Weaver NOT ATTEMPTED.,PARTIAL minimum rows present; named roster/outcomes absent,PARTIAL named results present; explicit not-attempted and calendar annotation added,PRESENT_WITH_OPEN_CONFLICT,O1D6 six outcomes and zero Orange reward explicit; minimum ledger bytes preserved. O4D2 Red duplicate remains an explicitly disclosed cross-calendar conflict pending author decision; not silently reconciled.,world-clock/RED_TO_ORANGE_COMBAT_CALENDAR.md | live-model/STORY_CLOCK_STATE.md | live-model/ECONOMY_PURCHASE_SCHEDULE.md | world-clock/ARC3_ORANGE_CALENDAR.md
REPAIR-11-13,11. Orange Week 1 — REQUIRED,provenance/diplomatic-pouch-2026-10-08/package/arc1-arc2-repair/package/REPAIR_DELTA.md,- Yellow Wayfarer NOT ATTEMPTED.,PARTIAL minimum rows present; named roster/outcomes absent,PARTIAL named results present; explicit not-attempted and calendar annotation added,PRESENT_WITH_OPEN_CONFLICT,O1D6 six outcomes and zero Orange reward explicit; minimum ledger bytes preserved. O4D2 Red duplicate remains an explicitly disclosed cross-calendar conflict pending author decision; not silently reconciled.,world-clock/RED_TO_ORANGE_COMBAT_CALENDAR.md | live-model/STORY_CLOCK_STATE.md | live-model/ECONOMY_PURCHASE_SCHEDULE.md | world-clock/ARC3_ORANGE_CALENDAR.md
REPAIR-11-14,11. Orange Week 1 — REQUIRED,provenance/diplomatic-pouch-2026-10-08/package/arc1-arc2-repair/package/REPAIR_DELTA.md,- Green The Bloom NOT ATTEMPTED.,PARTIAL minimum rows present; named roster/outcomes absent,PARTIAL named results present; explicit not-attempted and calendar annotation added,PRESENT_WITH_OPEN_CONFLICT,O1D6 six outcomes and zero Orange reward explicit; minimum ledger bytes preserved. O4D2 Red duplicate remains an explicitly disclosed cross-calendar conflict pending author decision; not silently reconciled.,world-clock/RED_TO_ORANGE_COMBAT_CALENDAR.md | live-model/STORY_CLOCK_STATE.md | live-model/ECONOMY_PURCHASE_SCHEDULE.md | world-clock/ARC3_ORANGE_CALENDAR.md
REPAIR-11-15,11. Orange Week 1 — REQUIRED,provenance/diplomatic-pouch-2026-10-08/package/arc1-arc2-repair/package/REPAIR_DELTA.md,Economy:,PARTIAL minimum rows present; named roster/outcomes absent,PARTIAL named results present; explicit not-attempted and calendar annotation added,PRESENT_WITH_OPEN_CONFLICT,O1D6 six outcomes and zero Orange reward explicit; minimum ledger bytes preserved. O4D2 Red duplicate remains an explicitly disclosed cross-calendar conflict pending author decision; not silently reconciled.,world-clock/RED_TO_ORANGE_COMBAT_CALENDAR.md | live-model/STORY_CLOCK_STATE.md | live-model/ECONOMY_PURCHASE_SCHEDULE.md | world-clock/ARC3_ORANGE_CALENDAR.md
REPAIR-11-16,11. Orange Week 1 — REQUIRED,provenance/diplomatic-pouch-2026-10-08/package/arc1-arc2-repair/package/REPAIR_DELTA.md,"- calendar-booked Red-A = +2,500 progression.",PARTIAL minimum rows present; named roster/outcomes absent,PARTIAL named results present; explicit not-attempted and calendar annotation added,PRESENT_WITH_OPEN_CONFLICT,O1D6 six outcomes and zero Orange reward explicit; minimum ledger bytes preserved. O4D2 Red duplicate remains an explicitly disclosed cross-calendar conflict pending author decision; not silently reconciled.,world-clock/RED_TO_ORANGE_COMBAT_CALENDAR.md | live-model/STORY_CLOCK_STATE.md | live-model/ECONOMY_PURCHASE_SCHEDULE.md | world-clock/ARC3_ORANGE_CALENDAR.md
REPAIR-11-17,11. Orange Week 1 — REQUIRED,provenance/diplomatic-pouch-2026-10-08/package/arc1-arc2-repair/package/REPAIR_DELTA.md,"- Red-B = +2,500 actual/discretionary surplus.",PARTIAL minimum rows present; named roster/outcomes absent,PARTIAL named results present; explicit not-attempted and calendar annotation added,PRESENT_WITH_OPEN_CONFLICT,O1D6 six outcomes and zero Orange reward explicit; minimum ledger bytes preserved. O4D2 Red duplicate remains an explicitly disclosed cross-calendar conflict pending author decision; not silently reconciled.,world-clock/RED_TO_ORANGE_COMBAT_CALENDAR.md | live-model/STORY_CLOCK_STATE.md | live-model/ECONOMY_PURCHASE_SCHEDULE.md | world-clock/ARC3_ORANGE_CALENDAR.md
REPAIR-11-18,11. Orange Week 1 — REQUIRED,provenance/diplomatic-pouch-2026-10-08/package/arc1-arc2-repair/package/REPAIR_DELTA.md,- ZERO Orange Raid credits O1D6.,PARTIAL minimum rows present; named roster/outcomes absent,PARTIAL named results present; explicit not-attempted and calendar annotation added,PRESENT_WITH_OPEN_CONFLICT,O1D6 six outcomes and zero Orange reward explicit; minimum ledger bytes preserved. O4D2 Red duplicate remains an explicitly disclosed cross-calendar conflict pending author decision; not silently reconciled.,world-clock/RED_TO_ORANGE_COMBAT_CALENDAR.md | live-model/STORY_CLOCK_STATE.md | live-model/ECONOMY_PURCHASE_SCHEDULE.md | world-clock/ARC3_ORANGE_CALENDAR.md
REPAIR-11-19,11. Orange Week 1 — REQUIRED,provenance/diplomatic-pouch-2026-10-08/package/arc1-arc2-repair/package/REPAIR_DELTA.md,O1D7 Duo W10.,PARTIAL minimum rows present; named roster/outcomes absent,PARTIAL named results present; explicit not-attempted and calendar annotation added,PRESENT_WITH_OPEN_CONFLICT,O1D6 six outcomes and zero Orange reward explicit; minimum ledger bytes preserved. O4D2 Red duplicate remains an explicitly disclosed cross-calendar conflict pending author decision; not silently reconciled.,world-clock/RED_TO_ORANGE_COMBAT_CALENDAR.md | live-model/STORY_CLOCK_STATE.md | live-model/ECONOMY_PURCHASE_SCHEDULE.md | world-clock/ARC3_ORANGE_CALENDAR.md
REPAIR-12-01,12. Orange-season Normal Raid roster — REQUIRED current owner,provenance/diplomatic-pouch-2026-10-08/package/arc1-arc2-repair/package/REPAIR_DELTA.md,"These are Valnak encounter constructs, not outside-world eldris.",MISSING Orange seasonal roster,PRESENT,PRESENT,"All six Valnak constructs and mechanisms preserved; no outside-world inheritance, threat stat, retroactive reflection, generic anti-magic or fabricated clear.",live-model/04_COMBAT_WORLD.md#october-8--orange-season-normal-raid-roster | canon/COMBAT.md
REPAIR-12-02,12. Orange-season Normal Raid roster — REQUIRED current owner,provenance/diplomatic-pouch-2026-10-08/package/arc1-arc2-repair/package/REPAIR_DELTA.md,### Red A — Sixfold,MISSING Orange seasonal roster,PRESENT,PRESENT,"All six Valnak constructs and mechanisms preserved; no outside-world inheritance, threat stat, retroactive reflection, generic anti-magic or fabricated clear.",live-model/04_COMBAT_WORLD.md#october-8--orange-season-normal-raid-roster | canon/COMBAT.md
REPAIR-12-03,12. Orange-season Normal Raid roster — REQUIRED current owner,provenance/diplomatic-pouch-2026-10-08/package/arc1-arc2-repair/package/REPAIR_DELTA.md,Amorphous Genesis construct forced through progressively simpler stable morphologies as structural disruption exceeds current state:,MISSING Orange seasonal roster,PRESENT,PRESENT,"All six Valnak constructs and mechanisms preserved; no outside-world inheritance, threat stat, retroactive reflection, generic anti-magic or fabricated clear.",live-model/04_COMBAT_WORLD.md#october-8--orange-season-normal-raid-roster | canon/COMBAT.md
REPAIR-12-04,12. Orange-season Normal Raid roster — REQUIRED current owner,provenance/diplomatic-pouch-2026-10-08/package/arc1-arc2-repair/package/REPAIR_DELTA.md,Sixfold = 2 legs + 4 arms.,MISSING Orange seasonal roster,PRESENT,PRESENT,"All six Valnak constructs and mechanisms preserved; no outside-world inheritance, threat stat, retroactive reflection, generic anti-magic or fabricated clear.",live-model/04_COMBAT_WORLD.md#october-8--orange-season-normal-raid-roster | canon/COMBAT.md
REPAIR-12-05,12. Orange-season Normal Raid roster — REQUIRED current owner,provenance/diplomatic-pouch-2026-10-08/package/arc1-arc2-repair/package/REPAIR_DELTA.md,Fivefold = 2 legs + 2 arms + tail.,MISSING Orange seasonal roster,PRESENT,PRESENT,"All six Valnak constructs and mechanisms preserved; no outside-world inheritance, threat stat, retroactive reflection, generic anti-magic or fabricated clear.",live-model/04_COMBAT_WORLD.md#october-8--orange-season-normal-raid-roster | canon/COMBAT.md
REPAIR-12-06,12. Orange-season Normal Raid roster — REQUIRED current owner,provenance/diplomatic-pouch-2026-10-08/package/arc1-arc2-repair/package/REPAIR_DELTA.md,Fourfold = 4 legs; quadrupedal charge/pounce/trample.,MISSING Orange seasonal roster,PRESENT,PRESENT,"All six Valnak constructs and mechanisms preserved; no outside-world inheritance, threat stat, retroactive reflection, generic anti-magic or fabricated clear.",live-model/04_COMBAT_WORLD.md#october-8--orange-season-normal-raid-roster | canon/COMBAT.md
REPAIR-12-07,12. Orange-season Normal Raid roster — REQUIRED current owner,provenance/diplomatic-pouch-2026-10-08/package/arc1-arc2-repair/package/REPAIR_DELTA.md,Threefold = 2 legs + 1 massive arm; asymmetric heavy sweep/slam.,MISSING Orange seasonal roster,PRESENT,PRESENT,"All six Valnak constructs and mechanisms preserved; no outside-world inheritance, threat stat, retroactive reflection, generic anti-magic or fabricated clear.",live-model/04_COMBAT_WORLD.md#october-8--orange-season-normal-raid-roster | canon/COMBAT.md
REPAIR-12-08,12. Orange-season Normal Raid roster — REQUIRED current owner,provenance/diplomatic-pouch-2026-10-08/package/arc1-arc2-repair/package/REPAIR_DELTA.md,Twofold = 2 legs; compact mobility/kick/leap/body-check.,MISSING Orange seasonal roster,PRESENT,PRESENT,"All six Valnak constructs and mechanisms preserved; no outside-world inheritance, threat stat, retroactive reflection, generic anti-magic or fabricated clear.",live-model/04_COMBAT_WORLD.md#october-8--orange-season-normal-raid-roster | canon/COMBAT.md
REPAIR-12-09,12. Orange-season Normal Raid roster — REQUIRED current owner,provenance/diplomatic-pouch-2026-10-08/package/arc1-arc2-repair/package/REPAIR_DELTA.md,Onefold = no limbs; dense rolling/slamming blob trying to crush people.,MISSING Orange seasonal roster,PRESENT,PRESENT,"All six Valnak constructs and mechanisms preserved; no outside-world inheritance, threat stat, retroactive reflection, generic anti-magic or fabricated clear.",live-model/04_COMBAT_WORLD.md#october-8--orange-season-normal-raid-roster | canon/COMBAT.md
REPAIR-12-10,12. Orange-season Normal Raid roster — REQUIRED current owner,provenance/diplomatic-pouch-2026-10-08/package/arc1-arc2-repair/package/REPAIR_DELTA.md,Zero = coherence fails/CLEAR.,MISSING Orange seasonal roster,PRESENT,PRESENT,"All six Valnak constructs and mechanisms preserved; no outside-world inheritance, threat stat, retroactive reflection, generic anti-magic or fabricated clear.",live-model/04_COMBAT_WORLD.md#october-8--orange-season-normal-raid-roster | canon/COMBAT.md
REPAIR-12-11,12. Orange-season Normal Raid roster — REQUIRED current owner,provenance/diplomatic-pouch-2026-10-08/package/arc1-arc2-repair/package/REPAIR_DELTA.md,Identity: attrition; not arbitrary health phases.,MISSING Orange seasonal roster,PRESENT,PRESENT,"All six Valnak constructs and mechanisms preserved; no outside-world inheritance, threat stat, retroactive reflection, generic anti-magic or fabricated clear.",live-model/04_COMBAT_WORLD.md#october-8--orange-season-normal-raid-roster | canon/COMBAT.md
REPAIR-12-12,12. Orange-season Normal Raid roster — REQUIRED current owner,provenance/diplomatic-pouch-2026-10-08/package/arc1-arc2-repair/package/REPAIR_DELTA.md,### Red B — Triumvirate,MISSING Orange seasonal roster,PRESENT,PRESENT,"All six Valnak constructs and mechanisms preserved; no outside-world inheritance, threat stat, retroactive reflection, generic anti-magic or fabricated clear.",live-model/04_COMBAT_WORLD.md#october-8--orange-season-normal-raid-roster | canon/COMBAT.md
REPAIR-12-13,12. Orange-season Normal Raid roster — REQUIRED current owner,provenance/diplomatic-pouch-2026-10-08/package/arc1-arc2-repair/package/REPAIR_DELTA.md,Three ~13–17 ft constructs:,MISSING Orange seasonal roster,PRESENT,PRESENT,"All six Valnak constructs and mechanisms preserved; no outside-world inheritance, threat stat, retroactive reflection, generic anti-magic or fabricated clear.",live-model/04_COMBAT_WORLD.md#october-8--orange-season-normal-raid-roster | canon/COMBAT.md
REPAIR-12-14,12. Orange-season Normal Raid roster — REQUIRED current owner,provenance/diplomatic-pouch-2026-10-08/package/arc1-arc2-repair/package/REPAIR_DELTA.md,"Keeper/healer = Persistent Coherence + Directed Coherence, weak offense.",MISSING Orange seasonal roster,PRESENT,PRESENT,"All six Valnak constructs and mechanisms preserved; no outside-world inheritance, threat stat, retroactive reflection, generic anti-magic or fabricated clear.",live-model/04_COMBAT_WORLD.md#october-8--orange-season-normal-raid-roster | canon/COMBAT.md
REPAIR-12-15,12. Orange-season Normal Raid roster — REQUIRED current owner,provenance/diplomatic-pouch-2026-10-08/package/arc1-arc2-repair/package/REPAIR_DELTA.md,Bastion/Guardian = durable interception/obstruction; NO threat stat.,MISSING Orange seasonal roster,PRESENT,PRESENT,"All six Valnak constructs and mechanisms preserved; no outside-world inheritance, threat stat, retroactive reflection, generic anti-magic or fabricated clear.",live-model/04_COMBAT_WORLD.md#october-8--orange-season-normal-raid-roster | canon/COMBAT.md
REPAIR-12-16,12. Orange-season Normal Raid roster — REQUIRED current owner,provenance/diplomatic-pouch-2026-10-08/package/arc1-arc2-repair/package/REPAIR_DELTA.md,Lance/ranged = Genesis Beam + explosive Genesis-energy orb/projectile; maintains range.,MISSING Orange seasonal roster,PRESENT,PRESENT,"All six Valnak constructs and mechanisms preserved; no outside-world inheritance, threat stat, retroactive reflection, generic anti-magic or fabricated clear.",live-model/04_COMBAT_WORLD.md#october-8--orange-season-normal-raid-roster | canon/COMBAT.md
REPAIR-12-17,12. Orange-season Normal Raid roster — REQUIRED current owner,provenance/diplomatic-pouch-2026-10-08/package/arc1-arc2-repair/package/REPAIR_DELTA.md,Strategy: separate Keeper/hold away; front line occupies Bastion; ranged/mobile kills Lance; collapse Bastion; finish Keeper.,MISSING Orange seasonal roster,PRESENT,PRESENT,"All six Valnak constructs and mechanisms preserved; no outside-world inheritance, threat stat, retroactive reflection, generic anti-magic or fabricated clear.",live-model/04_COMBAT_WORLD.md#october-8--orange-season-normal-raid-roster | canon/COMBAT.md
REPAIR-12-18,12. Orange-season Normal Raid roster — REQUIRED current owner,provenance/diplomatic-pouch-2026-10-08/package/arc1-arc2-repair/package/REPAIR_DELTA.md,### Orange A — Black Orchard,MISSING Orange seasonal roster,PRESENT,PRESENT,"All six Valnak constructs and mechanisms preserved; no outside-world inheritance, threat stat, retroactive reflection, generic anti-magic or fabricated clear.",live-model/04_COMBAT_WORLD.md#october-8--orange-season-normal-raid-roster | canon/COMBAT.md
REPAIR-12-19,12. Orange-season Normal Raid roster — REQUIRED current owner,provenance/diplomatic-pouch-2026-10-08/package/arc1-arc2-repair/package/REPAIR_DELTA.md,Gigantic black Genesis tree/root environment.,MISSING Orange seasonal roster,PRESENT,PRESENT,"All six Valnak constructs and mechanisms preserved; no outside-world inheritance, threat stat, retroactive reflection, generic anti-magic or fabricated clear.",live-model/04_COMBAT_WORLD.md#october-8--orange-season-normal-raid-roster | canon/COMBAT.md
REPAIR-12-20,12. Orange-season Normal Raid roster — REQUIRED current owner,provenance/diplomatic-pouch-2026-10-08/package/arc1-arc2-repair/package/REPAIR_DELTA.md,Roots/tendrils/vines whip/grab/obstruct.,MISSING Orange seasonal roster,PRESENT,PRESENT,"All six Valnak constructs and mechanisms preserved; no outside-world inheritance, threat stat, retroactive reflection, generic anti-magic or fabricated clear.",live-model/04_COMBAT_WORLD.md#october-8--orange-season-normal-raid-roster | canon/COMBAT.md
REPAIR-12-21,12. Orange-season Normal Raid roster — REQUIRED current owner,provenance/diplomatic-pouch-2026-10-08/package/arc1-arc2-repair/package/REPAIR_DELTA.md,Central Orchard emits broad Decoherence/Genesis-field pulses that increasingly pressure the Raid.,MISSING Orange seasonal roster,PRESENT,PRESENT,"All six Valnak constructs and mechanisms preserved; no outside-world inheritance, threat stat, retroactive reflection, generic anti-magic or fabricated clear.",live-model/04_COMBAT_WORLD.md#october-8--orange-season-normal-raid-roster | canon/COMBAT.md
REPAIR-12-22,12. Orange-season Normal Raid roster — REQUIRED current owner,provenance/diplomatic-pouch-2026-10-08/package/arc1-arc2-repair/package/REPAIR_DELTA.md,Persistent Coherence is especially valuable for sustained raid-wide stabilization; Directed Coherence remains acute rescue.,MISSING Orange seasonal roster,PRESENT,PRESENT,"All six Valnak constructs and mechanisms preserved; no outside-world inheritance, threat stat, retroactive reflection, generic anti-magic or fabricated clear.",live-model/04_COMBAT_WORLD.md#october-8--orange-season-normal-raid-roster | canon/COMBAT.md
REPAIR-12-23,12. Orange-season Normal Raid roster — REQUIRED current owner,provenance/diplomatic-pouch-2026-10-08/package/arc1-arc2-repair/package/REPAIR_DELTA.md,Identity = environmental penetration + healing throughput + attrition.,MISSING Orange seasonal roster,PRESENT,PRESENT,"All six Valnak constructs and mechanisms preserved; no outside-world inheritance, threat stat, retroactive reflection, generic anti-magic or fabricated clear.",live-model/04_COMBAT_WORLD.md#october-8--orange-season-normal-raid-roster | canon/COMBAT.md
REPAIR-12-24,12. Orange-season Normal Raid roster — REQUIRED current owner,provenance/diplomatic-pouch-2026-10-08/package/arc1-arc2-repair/package/REPAIR_DELTA.md,O1D6 repeated pulls FAIL.,MISSING Orange seasonal roster,PRESENT,PRESENT,"All six Valnak constructs and mechanisms preserved; no outside-world inheritance, threat stat, retroactive reflection, generic anti-magic or fabricated clear.",live-model/04_COMBAT_WORLD.md#october-8--orange-season-normal-raid-roster | canon/COMBAT.md
REPAIR-12-25,12. Orange-season Normal Raid roster — REQUIRED current owner,provenance/diplomatic-pouch-2026-10-08/package/arc1-arc2-repair/package/REPAIR_DELTA.md,### Orange B — Weaver,MISSING Orange seasonal roster,PRESENT,PRESENT,"All six Valnak constructs and mechanisms preserved; no outside-world inheritance, threat stat, retroactive reflection, generic anti-magic or fabricated clear.",live-model/04_COMBAT_WORLD.md#october-8--orange-season-normal-raid-roster | canon/COMBAT.md
REPAIR-12-26,12. Orange-season Normal Raid roster — REQUIRED current owner,provenance/diplomatic-pouch-2026-10-08/package/arc1-arc2-repair/package/REPAIR_DELTA.md,Autonomous extremely durable metal-appearing construct with 8 articulated legs + central chassis; exact alloy OPEN.,MISSING Orange seasonal roster,PRESENT,PRESENT,"All six Valnak constructs and mechanisms preserved; no outside-world inheritance, threat stat, retroactive reflection, generic anti-magic or fabricated clear.",live-model/04_COMBAT_WORLD.md#october-8--orange-season-normal-raid-roster | canon/COMBAT.md
REPAIR-12-27,12. Orange-season Normal Raid roster — REQUIRED current owner,provenance/diplomatic-pouch-2026-10-08/package/arc1-arc2-repair/package/REPAIR_DELTA.md,Phase 1: jumps/weaves unpredictably; group spreads; catches can pin/impale; Raid damages legs. ANY four legs may be disabled.,MISSING Orange seasonal roster,PRESENT,PRESENT,"All six Valnak constructs and mechanisms preserved; no outside-world inheritance, threat stat, retroactive reflection, generic anti-magic or fabricated clear.",live-model/04_COMBAT_WORLD.md#october-8--orange-season-normal-raid-roster | canon/COMBAT.md
REPAIR-12-28,12. Orange-season Normal Raid roster — REQUIRED current owner,provenance/diplomatic-pouch-2026-10-08/package/arc1-arc2-repair/package/REPAIR_DELTA.md,"At four remaining functional legs, jumping locomotion becomes unavailable.",MISSING Orange seasonal roster,PRESENT,PRESENT,"All six Valnak constructs and mechanisms preserved; no outside-world inheritance, threat stat, retroactive reflection, generic anti-magic or fabricated clear.",live-model/04_COMBAT_WORLD.md#october-8--orange-season-normal-raid-roster | canon/COMBAT.md
REPAIR-12-29,12. Orange-season Normal Raid roster — REQUIRED current owner,provenance/diplomatic-pouch-2026-10-08/package/arc1-arc2-repair/package/REPAIR_DELTA.md,Phase 2: grounded/crawling pursuit/charges; pin/impale; chassis uses straightforward Genesis Beam; Raid dismantles it.,MISSING Orange seasonal roster,PRESENT,PRESENT,"All six Valnak constructs and mechanisms preserved; no outside-world inheritance, threat stat, retroactive reflection, generic anti-magic or fabricated clear.",live-model/04_COMBAT_WORLD.md#october-8--orange-season-normal-raid-roster | canon/COMBAT.md
REPAIR-12-30,12. Orange-season Normal Raid roster — REQUIRED current owner,provenance/diplomatic-pouch-2026-10-08/package/arc1-arc2-repair/package/REPAIR_DELTA.md,"Clean central impalement is physically catastrophic/ordinarily lethal, not an artificial one-shot flag.",MISSING Orange seasonal roster,PRESENT,PRESENT,"All six Valnak constructs and mechanisms preserved; no outside-world inheritance, threat stat, retroactive reflection, generic anti-magic or fabricated clear.",live-model/04_COMBAT_WORLD.md#october-8--orange-season-normal-raid-roster | canon/COMBAT.md
REPAIR-12-31,12. Orange-season Normal Raid roster — REQUIRED current owner,provenance/diplomatic-pouch-2026-10-08/package/arc1-arc2-repair/package/REPAIR_DELTA.md,### Yellow — Wayfarer,MISSING Orange seasonal roster,PRESENT,PRESENT,"All six Valnak constructs and mechanisms preserved; no outside-world inheritance, threat stat, retroactive reflection, generic anti-magic or fabricated clear.",live-model/04_COMBAT_WORLD.md#october-8--orange-season-normal-raid-roster | canon/COMBAT.md
REPAIR-12-32,12. Orange-season Normal Raid roster — REQUIRED current owner,provenance/diplomatic-pouch-2026-10-08/package/arc1-arc2-repair/package/REPAIR_DELTA.md,~13-ft lean bipedal construct using paired spatial/dimensional gates.,MISSING Orange seasonal roster,PRESENT,PRESENT,"All six Valnak constructs and mechanisms preserved; no outside-world inheritance, threat stat, retroactive reflection, generic anti-magic or fabricated clear.",live-model/04_COMBAT_WORLD.md#october-8--orange-season-normal-raid-roster | canon/COMBAT.md
REPAIR-12-33,12. Orange-season Normal Raid roster — REQUIRED current owner,provenance/diplomatic-pouch-2026-10-08/package/arc1-arc2-repair/package/REPAIR_DELTA.md,Matter/attacks cross entrance and emerge from paired exit with momentum/energy substantially preserved.,MISSING Orange seasonal roster,PRESENT,PRESENT,"All six Valnak constructs and mechanisms preserved; no outside-world inheritance, threat stat, retroactive reflection, generic anti-magic or fabricated clear.",live-model/04_COMBAT_WORLD.md#october-8--orange-season-normal-raid-roster | canon/COMBAT.md
REPAIR-12-34,12. Orange-season Normal Raid roster — REQUIRED current owner,provenance/diplomatic-pouch-2026-10-08/package/arc1-arc2-repair/package/REPAIR_DELTA.md,"Can step through gates/walls; can intercept incoming Fireball/Beam/projectile and route it near/behind another participant, producing real friendly-fire risk.",MISSING Orange seasonal roster,PRESENT,PRESENT,"All six Valnak constructs and mechanisms preserved; no outside-world inheritance, threat stat, retroactive reflection, generic anti-magic or fabricated clear.",live-model/04_COMBAT_WORLD.md#october-8--orange-season-normal-raid-roster | canon/COMBAT.md
REPAIR-12-35,12. Orange-season Normal Raid roster — REQUIRED current owner,provenance/diplomatic-pouch-2026-10-08/package/arc1-arc2-repair/package/REPAIR_DELTA.md,Gate formation has readable Genesis expression; participants may exploit open gates.,MISSING Orange seasonal roster,PRESENT,PRESENT,"All six Valnak constructs and mechanisms preserved; no outside-world inheritance, threat stat, retroactive reflection, generic anti-magic or fabricated clear.",live-model/04_COMBAT_WORLD.md#october-8--orange-season-normal-raid-roster | canon/COMBAT.md
REPAIR-12-36,12. Orange-season Normal Raid roster — REQUIRED current owner,provenance/diplomatic-pouch-2026-10-08/package/arc1-arc2-repair/package/REPAIR_DELTA.md,Attack must cross gate BEFORE impact; no retroactive reflection.,MISSING Orange seasonal roster,PRESENT,PRESENT,"All six Valnak constructs and mechanisms preserved; no outside-world inheritance, threat stat, retroactive reflection, generic anti-magic or fabricated clear.",live-model/04_COMBAT_WORLD.md#october-8--orange-season-normal-raid-roster | canon/COMBAT.md
REPAIR-12-37,12. Orange-season Normal Raid roster — REQUIRED current owner,provenance/diplomatic-pouch-2026-10-08/package/arc1-arc2-repair/package/REPAIR_DELTA.md,### Green — The Bloom,MISSING Orange seasonal roster,PRESENT,PRESENT,"All six Valnak constructs and mechanisms preserved; no outside-world inheritance, threat stat, retroactive reflection, generic anti-magic or fabricated clear.",live-model/04_COMBAT_WORLD.md#october-8--orange-season-normal-raid-roster | canon/COMBAT.md
REPAIR-12-38,12. Orange-season Normal Raid roster — REQUIRED current owner,provenance/diplomatic-pouch-2026-10-08/package/arc1-arc2-repair/package/REPAIR_DELTA.md,"Prime Bloom ~23 ft, rooted carnivorous flower, high Green endurance.",MISSING Orange seasonal roster,PRESENT,PRESENT,"All six Valnak constructs and mechanisms preserved; no outside-world inheritance, threat stat, retroactive reflection, generic anti-magic or fabricated clear.",live-model/04_COMBAT_WORLD.md#october-8--orange-season-normal-raid-roster | canon/COMBAT.md
REPAIR-12-39,12. Orange-season Normal Raid roster — REQUIRED current owner,provenance/diplomatic-pouch-2026-10-08/package/arc1-arc2-repair/package/REPAIR_DELTA.md,Ranged attackers slowly damage Prime.,MISSING Orange seasonal roster,PRESENT,PRESENT,"All six Valnak constructs and mechanisms preserved; no outside-world inheritance, threat stat, retroactive reflection, generic anti-magic or fabricated clear.",live-model/04_COMBAT_WORLD.md#october-8--orange-season-normal-raid-roster | canon/COMBAT.md
REPAIR-12-40,12. Orange-season Normal Raid roster — REQUIRED current owner,provenance/diplomatic-pouch-2026-10-08/package/arc1-arc2-repair/package/REPAIR_DELTA.md,Close capture: folds/lunges/chomps; vines whip/grab/pull.,MISSING Orange seasonal roster,PRESENT,PRESENT,"All six Valnak constructs and mechanisms preserved; no outside-world inheritance, threat stat, retroactive reflection, generic anti-magic or fabricated clear.",live-model/04_COMBAT_WORLD.md#october-8--orange-season-normal-raid-roster | canon/COMBAT.md
REPAIR-12-41,12. Orange-season Normal Raid roster — REQUIRED current owner,provenance/diplomatic-pouch-2026-10-08/package/arc1-arc2-repair/package/REPAIR_DELTA.md,Prime continuously ejects spores.,MISSING Orange seasonal roster,PRESENT,PRESENT,"All six Valnak constructs and mechanisms preserved; no outside-world inheritance, threat stat, retroactive reflection, generic anti-magic or fabricated clear.",live-model/04_COMBAT_WORLD.md#october-8--orange-season-normal-raid-roster | canon/COMBAT.md
REPAIR-12-42,12. Orange-season Normal Raid roster — REQUIRED current owner,provenance/diplomatic-pouch-2026-10-08/package/arc1-arc2-repair/package/REPAIR_DELTA.md,Physical/melee disruption destroys immature spores.,MISSING Orange seasonal roster,PRESENT,PRESENT,"All six Valnak constructs and mechanisms preserved; no outside-world inheritance, threat stat, retroactive reflection, generic anti-magic or fabricated clear.",live-model/04_COMBAT_WORLD.md#october-8--orange-season-normal-raid-roster | canon/COMBAT.md
REPAIR-12-43,12. Orange-season Normal Raid roster — REQUIRED current owner,provenance/diplomatic-pouch-2026-10-08/package/arc1-arc2-repair/package/REPAIR_DELTA.md,Direct Genesis-energy attacks are metabolized/absorbed and accelerate growth; this is NOT generic anti-magic.,MISSING Orange seasonal roster,PRESENT,PRESENT,"All six Valnak constructs and mechanisms preserved; no outside-world inheritance, threat stat, retroactive reflection, generic anti-magic or fabricated clear.",live-model/04_COMBAT_WORLD.md#october-8--orange-season-normal-raid-roster | canon/COMBAT.md
REPAIR-12-44,12. Orange-season Normal Raid roster — REQUIRED current owner,provenance/diplomatic-pouch-2026-10-08/package/arc1-arc2-repair/package/REPAIR_DELTA.md,Unattended/energized spore matures into ~17-ft Secondary Bloom.,MISSING Orange seasonal roster,PRESENT,PRESENT,"All six Valnak constructs and mechanisms preserved; no outside-world inheritance, threat stat, retroactive reflection, generic anti-magic or fabricated clear.",live-model/04_COMBAT_WORLD.md#october-8--orange-season-normal-raid-roster | canon/COMBAT.md
REPAIR-12-45,12. Orange-season Normal Raid roster — REQUIRED current owner,provenance/diplomatic-pouch-2026-10-08/package/arc1-arc2-repair/package/REPAIR_DELTA.md,Secondary is less durable than Prime but also launches spores.,MISSING Orange seasonal roster,PRESENT,PRESENT,"All six Valnak constructs and mechanisms preserved; no outside-world inheritance, threat stat, retroactive reflection, generic anti-magic or fabricated clear.",live-model/04_COMBAT_WORLD.md#october-8--orange-season-normal-raid-roster | canon/COMBAT.md
REPAIR-12-46,12. Orange-season Normal Raid roster — REQUIRED current owner,provenance/diplomatic-pouch-2026-10-08/package/arc1-arc2-repair/package/REPAIR_DELTA.md,Role split: ranged pressure Prime; melee/physical suppress spores; helkir sustain both.,MISSING Orange seasonal roster,PRESENT,PRESENT,"All six Valnak constructs and mechanisms preserved; no outside-world inheritance, threat stat, retroactive reflection, generic anti-magic or fabricated clear.",live-model/04_COMBAT_WORLD.md#october-8--orange-season-normal-raid-roster | canon/COMBAT.md
REPAIR-12-47,12. Orange-season Normal Raid roster — REQUIRED current owner,provenance/diplomatic-pouch-2026-10-08/package/arc1-arc2-repair/package/REPAIR_DELTA.md,Runaway is emergent: more Blooms -> more spores -> more fatigue -> missed spores -> more Blooms. Eventually spore production exceeds suppression capacity. No hard numeric wipe trigger.,MISSING Orange seasonal roster,PRESENT,PRESENT,"All six Valnak constructs and mechanisms preserved; no outside-world inheritance, threat stat, retroactive reflection, generic anti-magic or fabricated clear.",live-model/04_COMBAT_WORLD.md#october-8--orange-season-normal-raid-roster | canon/COMBAT.md
REPAIR-13-01,13. Arc-One chronology guard — REQUIRED,provenance/diplomatic-pouch-2026-10-08/package/arc1-arc2-repair/package/REPAIR_DELTA.md,"Do not alter the current explicit RECOVERY_GAP while performing this repair. This repair is about missing integration, not inventing a solution.",PRESENT explicit RECOVERY_GAP,PRESENT,PRESENT,"Retain exact authored detail in current owners; preserve qualifications, later canon and unrelated OPENs.",live-model/OPEN.md | live-model/STORY_CLOCK_STATE.md | world-clock/RED_TO_ORANGE_COMBAT_CALENDAR.md
