id,source,decision,source_sha256,status,qualification,destinations,review
LOCK-01,provenance/diplomatic-pouch-2026-10-08/package/package/00_CONFLICTS_AND_LOCKS.md,"Arc-One chronology
Git preserves a RECOVERY_GAP: paid calendar has Duo R1D2 and first paid Kira W8 Solo R1D3, while developed opening narrative historically sequences major Solo/Champion material as opening experience. Author did NOT explicitly reconcile paid dates today. Preserve conflict.
Safe social addition: after first major Solo/Armor breakthrough Kira reconnects with family, excitedly shows Armor/transformation/performance. First Champion dinner is Elara-arranged surprise. Once Kira understands standing table access, she gives family a standing invitation.",7ffbcd1a07c1cb82f38d09445c33da81fc2fd4280241c92fa9eff56cb56c6b6f,PRESENT,CURRENT / WORKING / OPEN,live-model/01_KIRA.md#october-8--household-and-rival | live-model/VALNAK_CITY_CULTURE_TRANSPORT.md#october-8--bookstore-and-venue-serials | live-model/ILLI_PROGRESSION.md#october-8--early-bow-coherence-and-solo-scope | live-model/ECONOMY_PURCHASE_SCHEDULE.md#october-8--authored-bonus-clears-and-solo-accounting,Explicit lock or boundary retained;007 venue moved to unused008; no invented names or chronology repair.
LOCK-02,provenance/diplomatic-pouch-2026-10-08/package/package/00_CONFLICTS_AND_LOCKS.md,"007 collision
Old Git: 007 Opening Ceremony grounds. New LOCK: 007 bookstore northeast/right of 003 in north-central built-up district. Preserve southern civic festival venue but renumber to next unused serial, preferably 008 after audit. Update references. Visual included.",73dd7f4c47d6a3a02067d801971ddedb888ce1f065dfef9fb349c7b024071e04,PRESENT,CURRENT / WORKING / OPEN,live-model/01_KIRA.md#october-8--household-and-rival | live-model/VALNAK_CITY_CULTURE_TRANSPORT.md#october-8--bookstore-and-venue-serials | live-model/ILLI_PROGRESSION.md#october-8--early-bow-coherence-and-solo-scope | live-model/ECONOMY_PURCHASE_SCHEDULE.md#october-8--authored-bonus-clears-and-solo-accounting,Explicit lock or boundary retained;007 venue moved to unused008; no invented names or chronology repair.
LOCK-03,provenance/diplomatic-pouch-2026-10-08/package/package/00_CONFLICTS_AND_LOCKS.md,"Kira household LOCK
Maelor father; Naira mother; Caelen older brother; Vaedren older brother; Kira; Laina younger sister. Household = parents + two older brothers + Kira + younger sister. Maelor/Caelen/Vaedren are smithing side at 005. Preserve Naira non-blacksmith detail.",833bbc8bfc000ce31d1869416e56365ac824a92ada0581a9050e347ea8a934fa,PRESENT,CURRENT / WORKING / OPEN,live-model/01_KIRA.md#october-8--household-and-rival | live-model/VALNAK_CITY_CULTURE_TRANSPORT.md#october-8--bookstore-and-venue-serials | live-model/ILLI_PROGRESSION.md#october-8--early-bow-coherence-and-solo-scope | live-model/ECONOMY_PURCHASE_SCHEDULE.md#october-8--authored-bonus-clears-and-solo-accounting,Explicit lock or boundary retained;007 venue moved to unused008; no invented names or chronology repair.
LOCK-04,provenance/diplomatic-pouch-2026-10-08/package/package/00_CONFLICTS_AND_LOCKS.md,"Rival LOCK
Kaevren = talented prepared landed-noble first-cycle Solo rival/foil. House/surname OPEN.",fe9c4f2b9d2f48cf044bf54b6fdf4de3758148d558811ae0acbe0e21d6c339e0,PRESENT,CURRENT / WORKING / OPEN,live-model/01_KIRA.md#october-8--household-and-rival | live-model/VALNAK_CITY_CULTURE_TRANSPORT.md#october-8--bookstore-and-venue-serials | live-model/ILLI_PROGRESSION.md#october-8--early-bow-coherence-and-solo-scope | live-model/ECONOMY_PURCHASE_SCHEDULE.md#october-8--authored-bonus-clears-and-solo-accounting,Explicit lock or boundary retained;007 venue moved to unused008; no invented names or chronology repair.
LOCK-05,provenance/diplomatic-pouch-2026-10-08/package/package/00_CONFLICTS_AND_LOCKS.md,"Dungeon leader
Recurring male leader/friend exists, repeatedly forms groups for Kira+illi. Name OPEN. Do not use rejected Jaeren. Author phonology prefers harder/archaic N/M/K/L/V/C, D possible.",4ef5b7d112ba7eef0a8b988aea677902f5bcfa0da8fc39b72688e24df0227dc2,PRESENT,CURRENT / WORKING / OPEN,live-model/01_KIRA.md#october-8--household-and-rival | live-model/VALNAK_CITY_CULTURE_TRANSPORT.md#october-8--bookstore-and-venue-serials | live-model/ILLI_PROGRESSION.md#october-8--early-bow-coherence-and-solo-scope | live-model/ECONOMY_PURCHASE_SCHEDULE.md#october-8--authored-bonus-clears-and-solo-accounting,Explicit lock or boundary retained;007 venue moved to unused008; no invented names or chronology repair.
LOCK-06,provenance/diplomatic-pouch-2026-10-08/package/package/00_CONFLICTS_AND_LOCKS.md,"illi Solo
R2D5 W2 is intentional bad run, NOT ceiling: W2 clear/booked credit, tunnel vision on healing/formation, missed flank, early death, frustration drives social continuation. Later optional Solos can push deeper Orange as PC improves. Exact optional rewards OPEN unless audited/booked.",3227da3da1754cba60492b3c758d2ba7a32de3ee0b1448833a456076035d3fba,PRESENT,CURRENT / WORKING / OPEN,live-model/01_KIRA.md#october-8--household-and-rival | live-model/VALNAK_CITY_CULTURE_TRANSPORT.md#october-8--bookstore-and-venue-serials | live-model/ILLI_PROGRESSION.md#october-8--early-bow-coherence-and-solo-scope | live-model/ECONOMY_PURCHASE_SCHEDULE.md#october-8--authored-bonus-clears-and-solo-accounting,Explicit lock or boundary retained;007 venue moved to unused008; no invented names or chronology repair.
LOCK-07,provenance/diplomatic-pouch-2026-10-08/package/package/00_CONFLICTS_AND_LOCKS.md,"Wallet doctrine
Combat calendar = minimum progression-income scaffold. Bonus/optional income becomes actual/discretionary wallet and does NOT move locked purchases. Known bonus: R4D5 Red-B +2,500 each; O1D6 Orange-season Red-B +2,500 each beyond calendar-booked Red-A.",95bc0c5557c0b72413d11bbcf3425af6a3cb6086775fb44e2e10ac9f2de6b4f1,CONFLICT,CURRENT / WORKING / OPEN,live-model/01_KIRA.md#october-8--household-and-rival | live-model/VALNAK_CITY_CULTURE_TRANSPORT.md#october-8--bookstore-and-venue-serials | live-model/ILLI_PROGRESSION.md#october-8--early-bow-coherence-and-solo-scope | live-model/ECONOMY_PURCHASE_SCHEDULE.md#october-8--authored-bonus-clears-and-solo-accounting,O1D6 second Red requires explicit O4D2 reconciliation; other wallet/bonus doctrine is preserved.
SOC-01,provenance/diplomatic-pouch-2026-10-08/package/package/01_CHARACTER_SOCIAL.md,Red opening season is intense: family members pursue individual combat/craft journeys. Sparse daytime contact is NOT estrangement. Champion Table becomes flexible family convergence after standing invitation; attendance varies naturally/off-page. Later rhythm can settle toward roughly weekly deliberate catch-up plus flexible dinners.,a11e9937650b3c67e25896247905890ebac87bfca38a8ffd24b3ba1e28db1bee,PRESENT,CURRENT / WORKING / OPEN,live-model/01_KIRA.md#october-8--household-and-rival | live-model/03_VALNEK_PATHS.md#october-8--family-and-independent-social-life | live-model/ILLI_PROGRESSION.md#october-8--early-bow-coherence-and-solo-scope,Supplied text preserved with qualifications in the current owner; no extra details inferred.
SOC-02,provenance/diplomatic-pouch-2026-10-08/package/package/01_CHARACTER_SOCIAL.md,Family anchors: R2D1 late lunch may include Kira+illi+Naira+Laina; R3D6 family catch-up; R4D3 Kira/Naira/Laina shopping (illi optional); R5D6 Kira/Naira/Laina/illi girls' day; R6D5 Kira takes Maelor/Caelen/Vaedren from 005 to Champion Table lunch while Naira/Laina are elsewhere and illi is independent.,09bb72455207996e539ac2506547d38272e9294fa194f0ce8638aa6dea24b1b9,PRESENT,CURRENT / WORKING / OPEN,live-model/01_KIRA.md#october-8--household-and-rival | live-model/03_VALNEK_PATHS.md#october-8--family-and-independent-social-life | live-model/ILLI_PROGRESSION.md#october-8--early-bow-coherence-and-solo-scope,Supplied text preserved with qualifications in the current owner; no extra details inferred.
SOC-03,provenance/diplomatic-pouch-2026-10-08/package/package/01_CHARACTER_SOCIAL.md,"illi enters Valnak already competent with a conventional bow. It is her principal early offensive equipment while Persistent Coherence is her only Binding. Competent, not legendary. Bow + PC + simulated formation explains early Solo. Later Bindings reduce bow centrality.",8953ba678e489265750b4946d7ec33a2764fbe56ba05d6c6ad29ea0e1ce2e4dd,PRESENT,CURRENT / WORKING / OPEN,live-model/01_KIRA.md#october-8--household-and-rival | live-model/03_VALNEK_PATHS.md#october-8--family-and-independent-social-life | live-model/ILLI_PROGRESSION.md#october-8--early-bow-coherence-and-solo-scope,Supplied text preserved with qualifications in the current owner; no extra details inferred.
SOC-04,provenance/diplomatic-pouch-2026-10-08/package/package/01_CHARACTER_SOCIAL.md,illi intentionally deepens Persistent Coherence: sustained healing becomes fatigue-efficient when ranked; Directed Coherence is stronger acute intervention but costly when spammed. Better PC keeps NPC formation alive longer and frees bandwidth without making illi personally strong at combat. Same wave population can have variable spawn geometry/organization.,5f42a0c873cd9941f3d1287527fa3b5cd7bb470ba2c543d7497d47611146580b,PRESENT,CURRENT / WORKING / OPEN,live-model/01_KIRA.md#october-8--household-and-rival | live-model/03_VALNEK_PATHS.md#october-8--family-and-independent-social-life | live-model/ILLI_PROGRESSION.md#october-8--early-bow-coherence-and-solo-scope,Supplied text preserved with qualifications in the current owner; no extra details inferred.
SOC-05,provenance/diplomatic-pouch-2026-10-08/package/package/01_CHARACTER_SOCIAL.md,Kira becomes Builder-obsessed. illi often reads while Kira theorycrafts. By late Red Kira begins reading for leisure from illi's recommendations; beach/Ghost Base reading days recur.,40d68ac6dfaf6008ca206ae824358b801a1de3774b2a8cfe7572b8cf41d45a66,PRESENT,CURRENT / WORKING / OPEN,live-model/01_KIRA.md#october-8--household-and-rival | live-model/03_VALNEK_PATHS.md#october-8--family-and-independent-social-life | live-model/ILLI_PROGRESSION.md#october-8--early-bow-coherence-and-solo-scope,Supplied text preserved with qualifications in the current owner; no extra details inferred.
SOC-06,provenance/diplomatic-pouch-2026-10-08/package/package/01_CHARACTER_SOCIAL.md,"Inside 001 raeon flagship, legal deck configurations may be temporarily realized for in-store playtesting without ownership. Temporary realization ends outside flagship and does not confer ownership.",69b5a570a13e590f628be9fc43247fc2453aacb17dba70023e3b0b047afa3033,PRESENT,CURRENT / WORKING / OPEN,live-model/01_KIRA.md#october-8--household-and-rival | live-model/03_VALNEK_PATHS.md#october-8--family-and-independent-social-life | live-model/ILLI_PROGRESSION.md#october-8--early-bow-coherence-and-solo-scope,Supplied text preserved with qualifications in the current owner; no extra details inferred.
RED-METHOD,provenance/diplomatic-pouch-2026-10-08/package/package/02_RED_W3_W7.md,No chapter-per-day requirement; layer over authoritative combat rows.,76564a8000abffb58a1a3be064b74de425acae327ba4b0dc06ff88ec33618c91,PRESENT,CURRENT / WORKING / OPEN,live-model/STORY_CLOCK_STATE.md#october-8--red-weeks-three-through-seven,Supplied text preserved with qualifications in the current owner; no extra details inferred.
R3D1,provenance/diplomatic-pouch-2026-10-08/package/package/02_RED_W3_W7.md,OPEN.,493964b22248ad57c91e2308e23c6460cfd01165af00c51a0f42d8578b75d7bd,PRESENT,CURRENT / WORKING / OPEN,live-model/STORY_CLOCK_STATE.md#october-8--red-weeks-three-through-seven | live-model/ILLI_PROGRESSION.md#october-8--early-bow-coherence-and-solo-scope | live-model/DOMAI_PARTICIPATION.md#october-8--first-red-domai-narrative-guard | live-model/ECONOMY_PURCHASE_SCHEDULE.md#october-8--authored-bonus-clears-and-solo-accounting,"Daily direction, qualified hours and optional activity retained. Booked minimum event/purchase data untouched; no guessed optional credit. R5D1 withdrawal cannot be formal exit before D2."
R3D2,provenance/diplomatic-pouch-2026-10-08/package/package/02_RED_W3_W7.md,Fire Dragon eventual CLEAR after formation friction; then Shardfield repeated FAIL and group dissolves.,b8212c0ac4cfecfce6c6349eb99bcec323fc761264ebc5193d3741f2c4d3fcb8,PRESENT,CURRENT / WORKING / OPEN,live-model/STORY_CLOCK_STATE.md#october-8--red-weeks-three-through-seven | live-model/ILLI_PROGRESSION.md#october-8--early-bow-coherence-and-solo-scope | live-model/DOMAI_PARTICIPATION.md#october-8--first-red-domai-narrative-guard | live-model/ECONOMY_PURCHASE_SCHEDULE.md#october-8--authored-bonus-clears-and-solo-accounting,"Daily direction, qualified hours and optional activity retained. Booked minimum event/purchase data untouched; no guessed optional credit. R5D1 withdrawal cannot be formal exit before D2."
R3D3,provenance/diplomatic-pouch-2026-10-08/package/package/02_RED_W3_W7.md,tea party + 006 formalwear.,4f2c5e84b1f2d827046c3505f17722c0230a4c1e3d418a306ee795a51cf807bc,PRESENT,CURRENT / WORKING / OPEN,live-model/STORY_CLOCK_STATE.md#october-8--red-weeks-three-through-seven | live-model/ILLI_PROGRESSION.md#october-8--early-bow-coherence-and-solo-scope | live-model/DOMAI_PARTICIPATION.md#october-8--first-red-domai-narrative-guard | live-model/ECONOMY_PURCHASE_SCHEDULE.md#october-8--authored-bonus-clears-and-solo-accounting,"Daily direction, qualified hours and optional activity retained. Booked minimum event/purchase data untouched; no guessed optional credit. R5D1 withdrawal cannot be formal exit before D2."
R3D4,provenance/diplomatic-pouch-2026-10-08/package/package/02_RED_W3_W7.md,"Kira W9 ~8.5h, working 11:00–19:30.",60fd5dfb2f3f07778172115cf638c92bc5d91b9d4e5d67e34d21fbb3ad094b8c,PRESENT,CURRENT / WORKING / OPEN,live-model/STORY_CLOCK_STATE.md#october-8--red-weeks-three-through-seven | live-model/ILLI_PROGRESSION.md#october-8--early-bow-coherence-and-solo-scope | live-model/DOMAI_PARTICIPATION.md#october-8--first-red-domai-narrative-guard | live-model/ECONOMY_PURCHASE_SCHEDULE.md#october-8--authored-bonus-clears-and-solo-accounting,"Daily direction, qualified hours and optional activity retained. Booked minimum event/purchase data untouched; no guessed optional credit. R5D1 withdrawal cannot be formal exit before D2."
R3D5,provenance/diplomatic-pouch-2026-10-08/package/package/02_RED_W3_W7.md,Orange x2 ~12:00–20:00 + debrief meal.,12a1ab3c293f4b481408110e078a34a25815a6ef0f1a7395e0cd819d8e347912,PRESENT,CURRENT / WORKING / OPEN,live-model/STORY_CLOCK_STATE.md#october-8--red-weeks-three-through-seven | live-model/ILLI_PROGRESSION.md#october-8--early-bow-coherence-and-solo-scope | live-model/DOMAI_PARTICIPATION.md#october-8--first-red-domai-narrative-guard | live-model/ECONOMY_PURCHASE_SCHEDULE.md#october-8--authored-bonus-clears-and-solo-accounting,"Daily direction, qualified hours and optional activity retained. Booked minimum event/purchase data untouched; no guessed optional credit. R5D1 withdrawal cannot be formal exit before D2."
R3D6,provenance/diplomatic-pouch-2026-10-08/package/package/02_RED_W3_W7.md,family/social.,319e76308fb2b1793b622200984e3de910381141e8792a1fca05c82b3e97a269,PRESENT,CURRENT / WORKING / OPEN,live-model/STORY_CLOCK_STATE.md#october-8--red-weeks-three-through-seven | live-model/ILLI_PROGRESSION.md#october-8--early-bow-coherence-and-solo-scope | live-model/DOMAI_PARTICIPATION.md#october-8--first-red-domai-narrative-guard | live-model/ECONOMY_PURCHASE_SCHEDULE.md#october-8--authored-bonus-clears-and-solo-accounting,"Daily direction, qualified hours and optional activity retained. Booked minimum event/purchase data untouched; no guessed optional credit. R5D1 withdrawal cannot be formal exit before D2."
R3D7,provenance/diplomatic-pouch-2026-10-08/package/package/02_RED_W3_W7.md,Duo W8 + dinner/highlights.,4bfe6bbbb3d6a933223e17bf26bf25ec79d892293736bc0c98f9ee900a430cac,PRESENT,CURRENT / WORKING / OPEN,live-model/STORY_CLOCK_STATE.md#october-8--red-weeks-three-through-seven | live-model/ILLI_PROGRESSION.md#october-8--early-bow-coherence-and-solo-scope | live-model/DOMAI_PARTICIPATION.md#october-8--first-red-domai-narrative-guard | live-model/ECONOMY_PURCHASE_SCHEDULE.md#october-8--authored-bonus-clears-and-solo-accounting,"Daily direction, qualified hours and optional activity retained. Booked minimum event/purchase data untouched; no guessed optional credit. R5D1 withdrawal cannot be formal exit before D2."
R4D1,provenance/diplomatic-pouch-2026-10-08/package/package/02_RED_W3_W7.md,"illi Solo variable; old W3 wording is not capability ceiling; decent run into Orange pressure, exact reward reconciliation requires audit.",709cd83b441f7257f4f8a8ab4d49e41eb73ab092ec5e90865d8e22d4f38ed87c,PRESENT,CURRENT / WORKING / OPEN,live-model/STORY_CLOCK_STATE.md#october-8--red-weeks-three-through-seven | live-model/ILLI_PROGRESSION.md#october-8--early-bow-coherence-and-solo-scope | live-model/DOMAI_PARTICIPATION.md#october-8--first-red-domai-narrative-guard | live-model/ECONOMY_PURCHASE_SCHEDULE.md#october-8--authored-bonus-clears-and-solo-accounting,"Daily direction, qualified hours and optional activity retained. Booked minimum event/purchase data untouched; no guessed optional credit. R5D1 withdrawal cannot be formal exit before D2."
R4D2,provenance/diplomatic-pouch-2026-10-08/package/package/02_RED_W3_W7.md,PC->Yellow.,5239cd3c5fad4a74494513c7c4ebe760fb09978ed5cfa7edbbcb50907ebc83d8,PRESENT,CURRENT / WORKING / OPEN,live-model/STORY_CLOCK_STATE.md#october-8--red-weeks-three-through-seven | live-model/ILLI_PROGRESSION.md#october-8--early-bow-coherence-and-solo-scope | live-model/DOMAI_PARTICIPATION.md#october-8--first-red-domai-narrative-guard | live-model/ECONOMY_PURCHASE_SCHEDULE.md#october-8--authored-bonus-clears-and-solo-accounting,"Daily direction, qualified hours and optional activity retained. Booked minimum event/purchase data untouched; no guessed optional credit. R5D1 withdrawal cannot be formal exit before D2."
R4D3,provenance/diplomatic-pouch-2026-10-08/package/package/02_RED_W3_W7.md,Kira/Naira/Laina shopping; illi optional.,69d15b4151e5e84650ca74af760d182d09f28b3d938f6226499d94abf65d0b65,PRESENT,CURRENT / WORKING / OPEN,live-model/STORY_CLOCK_STATE.md#october-8--red-weeks-three-through-seven | live-model/ILLI_PROGRESSION.md#october-8--early-bow-coherence-and-solo-scope | live-model/DOMAI_PARTICIPATION.md#october-8--first-red-domai-narrative-guard | live-model/ECONOMY_PURCHASE_SCHEDULE.md#october-8--authored-bonus-clears-and-solo-accounting,"Daily direction, qualified hours and optional activity retained. Booked minimum event/purchase data untouched; no guessed optional credit. R5D1 withdrawal cannot be formal exit before D2."
R4D4,provenance/diplomatic-pouch-2026-10-08/package/package/02_RED_W3_W7.md,Orange x2 new group.,aa6f6a5c22cfb2543400b9bb3515ab97ea91af9c6d4a065426de9d1bcbdb8b34,PRESENT,CURRENT / WORKING / OPEN,live-model/STORY_CLOCK_STATE.md#october-8--red-weeks-three-through-seven | live-model/ILLI_PROGRESSION.md#october-8--early-bow-coherence-and-solo-scope | live-model/DOMAI_PARTICIPATION.md#october-8--first-red-domai-narrative-guard | live-model/ECONOMY_PURCHASE_SCHEDULE.md#october-8--authored-bonus-clears-and-solo-accounting,"Daily direction, qualified hours and optional activity retained. Booked minimum event/purchase data untouched; no guessed optional credit. R5D1 withdrawal cannot be formal exit before D2."
R4D5,provenance/diplomatic-pouch-2026-10-08/package/package/02_RED_W3_W7.md,"BONUS Raid: Burrower eventual CLEAR, +2,500 each actual-wallet surplus.",9c888d69979660fb55b4820c51ff68bab0b9aad84ddf4a3a42742ef093e5a6be,PRESENT,CURRENT / WORKING / OPEN,live-model/STORY_CLOCK_STATE.md#october-8--red-weeks-three-through-seven | live-model/ILLI_PROGRESSION.md#october-8--early-bow-coherence-and-solo-scope | live-model/DOMAI_PARTICIPATION.md#october-8--first-red-domai-narrative-guard | live-model/ECONOMY_PURCHASE_SCHEDULE.md#october-8--authored-bonus-clears-and-solo-accounting,"Daily direction, qualified hours and optional activity retained. Booked minimum event/purchase data untouched; no guessed optional credit. R5D1 withdrawal cannot be formal exit before D2."
R4D6,provenance/diplomatic-pouch-2026-10-08/package/package/02_RED_W3_W7.md,Kira W10; Ghost Base; Kira gets hooked on illi book.,96776c097e1509e74bdda9f7a4f936a2edd71c482c8f49beccffdc07f0bbb32b,PRESENT,CURRENT / WORKING / OPEN,live-model/STORY_CLOCK_STATE.md#october-8--red-weeks-three-through-seven | live-model/ILLI_PROGRESSION.md#october-8--early-bow-coherence-and-solo-scope | live-model/DOMAI_PARTICIPATION.md#october-8--first-red-domai-narrative-guard | live-model/ECONOMY_PURCHASE_SCHEDULE.md#october-8--authored-bonus-clears-and-solo-accounting,"Daily direction, qualified hours and optional activity retained. Booked minimum event/purchase data untouched; no guessed optional credit. R5D1 withdrawal cannot be formal exit before D2."
R4D7,provenance/diplomatic-pouch-2026-10-08/package/package/02_RED_W3_W7.md,Duo W9 + dinner/highlights.,890ec1beef164f4b6fc807a487065f6da9d94e5fa886ea1189aaefa96823859e,PRESENT,CURRENT / WORKING / OPEN,live-model/STORY_CLOCK_STATE.md#october-8--red-weeks-three-through-seven | live-model/ILLI_PROGRESSION.md#october-8--early-bow-coherence-and-solo-scope | live-model/DOMAI_PARTICIPATION.md#october-8--first-red-domai-narrative-guard | live-model/ECONOMY_PURCHASE_SCHEDULE.md#october-8--authored-bonus-clears-and-solo-accounting,"Daily direction, qualified hours and optional activity retained. Booked minimum event/purchase data untouched; no guessed optional credit. R5D1 withdrawal cannot be formal exit before D2."
R5D1,provenance/diplomatic-pouch-2026-10-08/package/package/02_RED_W3_W7.md,"domai active day 1, major first-domai chapter; survive/leave without D2 lockout contradiction; highlights can reveal operation scale.",14ab729772f6c09c9160179d938b4113eff8ca2a533aba86e4a1965b2e90ed79,PRESENT,CURRENT / WORKING / OPEN,live-model/STORY_CLOCK_STATE.md#october-8--red-weeks-three-through-seven | live-model/ILLI_PROGRESSION.md#october-8--early-bow-coherence-and-solo-scope | live-model/DOMAI_PARTICIPATION.md#october-8--first-red-domai-narrative-guard | live-model/ECONOMY_PURCHASE_SCHEDULE.md#october-8--authored-bonus-clears-and-solo-accounting,"Daily direction, qualified hours and optional activity retained. Booked minimum event/purchase data untouched; no guessed optional credit. R5D1 withdrawal cannot be formal exit before D2."
R5D2,provenance/diplomatic-pouch-2026-10-08/package/package/02_RED_W3_W7.md,domai active day 2; illi eventually fatigues/dies/exits; Kira continues then is overrun/dies/exits.,85f87692e6cbd43295602e45e1677c28b556ce68a276bd8a6fea62b874e1fa18,PRESENT,CURRENT / WORKING / OPEN,live-model/STORY_CLOCK_STATE.md#october-8--red-weeks-three-through-seven | live-model/ILLI_PROGRESSION.md#october-8--early-bow-coherence-and-solo-scope | live-model/DOMAI_PARTICIPATION.md#october-8--first-red-domai-narrative-guard | live-model/ECONOMY_PURCHASE_SCHEDULE.md#october-8--authored-bonus-clears-and-solo-accounting,"Daily direction, qualified hours and optional activity retained. Booked minimum event/purchase data untouched; no guessed optional credit. R5D1 withdrawal cannot be formal exit before D2."
R5D3,provenance/diplomatic-pouch-2026-10-08/package/package/02_RED_W3_W7.md,mandatory recovery: beach/books/naps/food.,c9a1977b9db17ec3a057fe17ddebb3961388254c94dec5e2b9ab74461c928be5,PRESENT,CURRENT / WORKING / OPEN,live-model/STORY_CLOCK_STATE.md#october-8--red-weeks-three-through-seven | live-model/ILLI_PROGRESSION.md#october-8--early-bow-coherence-and-solo-scope | live-model/DOMAI_PARTICIPATION.md#october-8--first-red-domai-narrative-guard | live-model/ECONOMY_PURCHASE_SCHEDULE.md#october-8--authored-bonus-clears-and-solo-accounting,"Daily direction, qualified hours and optional activity retained. Booked minimum event/purchase data untouched; no guessed optional credit. R5D1 withdrawal cannot be formal exit before D2."
R5D4,provenance/diplomatic-pouch-2026-10-08/package/package/02_RED_W3_W7.md,"Red-season raeon tournament: girls participate, eliminated, enjoy community.",662c315c694d22e8f2012bd85dd51ff2ed2b6a6c27c2da05e6b649d02c7724f3,PRESENT,CURRENT / WORKING / OPEN,live-model/STORY_CLOCK_STATE.md#october-8--red-weeks-three-through-seven | live-model/ILLI_PROGRESSION.md#october-8--early-bow-coherence-and-solo-scope | live-model/DOMAI_PARTICIPATION.md#october-8--first-red-domai-narrative-guard | live-model/ECONOMY_PURCHASE_SCHEDULE.md#october-8--authored-bonus-clears-and-solo-accounting,"Daily direction, qualified hours and optional activity retained. Booked minimum event/purchase data untouched; no guessed optional credit. R5D1 withdrawal cannot be formal exit before D2."
R5D5,provenance/diplomatic-pouch-2026-10-08/package/package/02_RED_W3_W7.md,Orange x2 via recurring leader; modest wardrobe spending optional.,6060abfaafd4acdd2c21b46d1851d0320ce28c41b92dfad460f2719f24c97cf6,PRESENT,CURRENT / WORKING / OPEN,live-model/STORY_CLOCK_STATE.md#october-8--red-weeks-three-through-seven | live-model/ILLI_PROGRESSION.md#october-8--early-bow-coherence-and-solo-scope | live-model/DOMAI_PARTICIPATION.md#october-8--first-red-domai-narrative-guard | live-model/ECONOMY_PURCHASE_SCHEDULE.md#october-8--authored-bonus-clears-and-solo-accounting,"Daily direction, qualified hours and optional activity retained. Booked minimum event/purchase data untouched; no guessed optional credit. R5D1 withdrawal cannot be formal exit before D2."
R5D6,provenance/diplomatic-pouch-2026-10-08/package/package/02_RED_W3_W7.md,girls' day Kira/Naira/Laina/illi.,fc6d6e0600282485fc5482ae3a7707cca0225d3683f12b7f0e686ab94030fee8,PRESENT,CURRENT / WORKING / OPEN,live-model/STORY_CLOCK_STATE.md#october-8--red-weeks-three-through-seven | live-model/ILLI_PROGRESSION.md#october-8--early-bow-coherence-and-solo-scope | live-model/DOMAI_PARTICIPATION.md#october-8--first-red-domai-narrative-guard | live-model/ECONOMY_PURCHASE_SCHEDULE.md#october-8--authored-bonus-clears-and-solo-accounting,"Daily direction, qualified hours and optional activity retained. Booked minimum event/purchase data untouched; no guessed optional credit. R5D1 withdrawal cannot be formal exit before D2."
R5D7,provenance/diplomatic-pouch-2026-10-08/package/package/02_RED_W3_W7.md,Duo W9; Kira may suffer spectacular decapitation; post-recovery frosted abecca; death on Highlights becomes safe humor.,fbc4767708ab728f838af6b5aec4b3261bb77fc061039a7786cec8162172ec8c,PRESENT,CURRENT / WORKING / OPEN,live-model/STORY_CLOCK_STATE.md#october-8--red-weeks-three-through-seven | live-model/ILLI_PROGRESSION.md#october-8--early-bow-coherence-and-solo-scope | live-model/DOMAI_PARTICIPATION.md#october-8--first-red-domai-narrative-guard | live-model/ECONOMY_PURCHASE_SCHEDULE.md#october-8--authored-bonus-clears-and-solo-accounting,"Daily direction, qualified hours and optional activity retained. Booked minimum event/purchase data untouched; no guessed optional credit. R5D1 withdrawal cannot be formal exit before D2."
R6D1,provenance/diplomatic-pouch-2026-10-08/package/package/02_RED_W3_W7.md,Orange x2 via recurring leader; leader may suffer funny death; trio coffee/lunch.,0f28a2f50014568ede747aadab4a2c2b28c63128a120cf775325afebc1612d18,PRESENT,CURRENT / WORKING / OPEN,live-model/STORY_CLOCK_STATE.md#october-8--red-weeks-three-through-seven | live-model/ILLI_PROGRESSION.md#october-8--early-bow-coherence-and-solo-scope | live-model/DOMAI_PARTICIPATION.md#october-8--first-red-domai-narrative-guard | live-model/ECONOMY_PURCHASE_SCHEDULE.md#october-8--authored-bonus-clears-and-solo-accounting,"Daily direction, qualified hours and optional activity retained. Booked minimum event/purchase data untouched; no guessed optional credit. R5D1 withdrawal cannot be formal exit before D2."
R6D2,provenance/diplomatic-pouch-2026-10-08/package/package/02_RED_W3_W7.md,beach/read leisure.,2d80702bb7ec81dc977ade29c0453fcbaade0648bfb8daf09b5da7090569b728,PRESENT,CURRENT / WORKING / OPEN,live-model/STORY_CLOCK_STATE.md#october-8--red-weeks-three-through-seven | live-model/ILLI_PROGRESSION.md#october-8--early-bow-coherence-and-solo-scope | live-model/DOMAI_PARTICIPATION.md#october-8--first-red-domai-narrative-guard | live-model/ECONOMY_PURCHASE_SCHEDULE.md#october-8--authored-bonus-clears-and-solo-accounting,"Daily direction, qualified hours and optional activity retained. Booked minimum event/purchase data untouched; no guessed optional credit. R5D1 withdrawal cannot be formal exit before D2."
R6D3,provenance/diplomatic-pouch-2026-10-08/package/package/02_RED_W3_W7.md,Duo W10.,48fc5d804e3db12f50affc7fee5fb43e74b47d2f724703db4be582c8be68f8dc,PRESENT,CURRENT / WORKING / OPEN,live-model/STORY_CLOCK_STATE.md#october-8--red-weeks-three-through-seven | live-model/ILLI_PROGRESSION.md#october-8--early-bow-coherence-and-solo-scope | live-model/DOMAI_PARTICIPATION.md#october-8--first-red-domai-narrative-guard | live-model/ECONOMY_PURCHASE_SCHEDULE.md#october-8--authored-bonus-clears-and-solo-accounting,"Daily direction, qualified hours and optional activity retained. Booked minimum event/purchase data untouched; no guessed optional credit. R5D1 withdrawal cannot be formal exit before D2."
R6D4,provenance/diplomatic-pouch-2026-10-08/package/package/02_RED_W3_W7.md,optional illi Solo/top-off exact reward OPEN; PC->Green; lunch + bookstore 007.,a71166bd2622a34e09fd01a3448863d2e9d01f1b2b2787536a547b862667734e,PRESENT,CURRENT / WORKING / OPEN,live-model/STORY_CLOCK_STATE.md#october-8--red-weeks-three-through-seven | live-model/ILLI_PROGRESSION.md#october-8--early-bow-coherence-and-solo-scope | live-model/DOMAI_PARTICIPATION.md#october-8--first-red-domai-narrative-guard | live-model/ECONOMY_PURCHASE_SCHEDULE.md#october-8--authored-bonus-clears-and-solo-accounting,"Daily direction, qualified hours and optional activity retained. Booked minimum event/purchase data untouched; no guessed optional credit. R5D1 withdrawal cannot be formal exit before D2."
R6D5,provenance/diplomatic-pouch-2026-10-08/package/package/02_RED_W3_W7.md,Kira+Maelor+Caelen+Vaedren smithing-side lunch.,78116a7ceb4631b6b02a65d920ad492d375ee3c591f3d6e3cdf5ef8f48f8ce71,PRESENT,CURRENT / WORKING / OPEN,live-model/STORY_CLOCK_STATE.md#october-8--red-weeks-three-through-seven | live-model/ILLI_PROGRESSION.md#october-8--early-bow-coherence-and-solo-scope | live-model/DOMAI_PARTICIPATION.md#october-8--first-red-domai-narrative-guard | live-model/ECONOMY_PURCHASE_SCHEDULE.md#october-8--authored-bonus-clears-and-solo-accounting,"Daily direction, qualified hours and optional activity retained. Booked minimum event/purchase data untouched; no guessed optional credit. R5D1 withdrawal cannot be formal exit before D2."
R6D6,provenance/diplomatic-pouch-2026-10-08/package/package/02_RED_W3_W7.md,"Raid: Red repeats may warm up/no repeat reward; Coherence Twins repeated failures -> 5/5 separation -> CLEAR, +3,750 booked.",27bfd209394cc2139a310866753d0fd6753646c72383e6b9caeaf17d9ba618b2,PRESENT,CURRENT / WORKING / OPEN,live-model/STORY_CLOCK_STATE.md#october-8--red-weeks-three-through-seven | live-model/ILLI_PROGRESSION.md#october-8--early-bow-coherence-and-solo-scope | live-model/DOMAI_PARTICIPATION.md#october-8--first-red-domai-narrative-guard | live-model/ECONOMY_PURCHASE_SCHEDULE.md#october-8--authored-bonus-clears-and-solo-accounting,"Daily direction, qualified hours and optional activity retained. Booked minimum event/purchase data untouched; no guessed optional credit. R5D1 withdrawal cannot be formal exit before D2."
R6D7,provenance/diplomatic-pouch-2026-10-08/package/package/02_RED_W3_W7.md,leisure.,4cc669652ea81105dbb7e810477c8e69f7cf741129e5eca49c464986ba043563,PRESENT,CURRENT / WORKING / OPEN,live-model/STORY_CLOCK_STATE.md#october-8--red-weeks-three-through-seven | live-model/ILLI_PROGRESSION.md#october-8--early-bow-coherence-and-solo-scope | live-model/DOMAI_PARTICIPATION.md#october-8--first-red-domai-narrative-guard | live-model/ECONOMY_PURCHASE_SCHEDULE.md#october-8--authored-bonus-clears-and-solo-accounting,"Daily direction, qualified hours and optional activity retained. Booked minimum event/purchase data untouched; no guessed optional credit. R5D1 withdrawal cannot be formal exit before D2."
R7D1,provenance/diplomatic-pouch-2026-10-08/package/package/02_RED_W3_W7.md,"Orange x2: morning Builder; illi reads; ~13:00 PUG, reputation makes pair desirable.",10626b25e1576f7f867ccfad37c6ee3a43c89e64a60ca52aefa1c5e19e5649da,PRESENT,CURRENT / WORKING / OPEN,live-model/STORY_CLOCK_STATE.md#october-8--red-weeks-three-through-seven | live-model/ILLI_PROGRESSION.md#october-8--early-bow-coherence-and-solo-scope | live-model/DOMAI_PARTICIPATION.md#october-8--first-red-domai-narrative-guard | live-model/ECONOMY_PURCHASE_SCHEDULE.md#october-8--authored-bonus-clears-and-solo-accounting,"Daily direction, qualified hours and optional activity retained. Booked minimum event/purchase data untouched; no guessed optional credit. R5D1 withdrawal cannot be formal exit before D2."
R7D2,provenance/diplomatic-pouch-2026-10-08/package/package/02_RED_W3_W7.md,girls' day/open.,0bd4fe24115876859afb1650b790bdbffd5fa147af9a8c867be4a053eeb502a3,PRESENT,CURRENT / WORKING / OPEN,live-model/STORY_CLOCK_STATE.md#october-8--red-weeks-three-through-seven | live-model/ILLI_PROGRESSION.md#october-8--early-bow-coherence-and-solo-scope | live-model/DOMAI_PARTICIPATION.md#october-8--first-red-domai-narrative-guard | live-model/ECONOMY_PURCHASE_SCHEDULE.md#october-8--authored-bonus-clears-and-solo-accounting,"Daily direction, qualified hours and optional activity retained. Booked minimum event/purchase data untouched; no guessed optional credit. R5D1 withdrawal cannot be formal exit before D2."
R7D3,provenance/diplomatic-pouch-2026-10-08/package/package/02_RED_W3_W7.md,Duo W10; afterward 001 temporary raeon deck playtest.,4086eb859cf6b55c2d7ce256cbfa9ebbd94e9b7867e489a204cb2e10c843d30a,PRESENT,CURRENT / WORKING / OPEN,live-model/STORY_CLOCK_STATE.md#october-8--red-weeks-three-through-seven | live-model/ILLI_PROGRESSION.md#october-8--early-bow-coherence-and-solo-scope | live-model/DOMAI_PARTICIPATION.md#october-8--first-red-domai-narrative-guard | live-model/ECONOMY_PURCHASE_SCHEDULE.md#october-8--authored-bonus-clears-and-solo-accounting,"Daily direction, qualified hours and optional activity retained. Booked minimum event/purchase data untouched; no guessed optional credit. R5D1 withdrawal cannot be formal exit before D2."
R7D4,provenance/diplomatic-pouch-2026-10-08/package/package/02_RED_W3_W7.md,Orange x2 via recurring leader; frosted abecca + lunch.,3127ec1da3ba4bd2c6df59be9ad9722d6a0a126a392ab41e646b5125a93e0b20,PRESENT,CURRENT / WORKING / OPEN,live-model/STORY_CLOCK_STATE.md#october-8--red-weeks-three-through-seven | live-model/ILLI_PROGRESSION.md#october-8--early-bow-coherence-and-solo-scope | live-model/DOMAI_PARTICIPATION.md#october-8--first-red-domai-narrative-guard | live-model/ECONOMY_PURCHASE_SCHEDULE.md#october-8--authored-bonus-clears-and-solo-accounting,"Daily direction, qualified hours and optional activity retained. Booked minimum event/purchase data untouched; no guessed optional credit. R5D1 withdrawal cannot be formal exit before D2."
R7D5,provenance/diplomatic-pouch-2026-10-08/package/package/02_RED_W3_W7.md,"Ghost Base; Kira read/Builder; illi may do TWO optional Solo attempts, exact results/credits OPEN.",4f2a6a3d4c3a9bcfa310bf8bcfc2a4d6cf9a46ab74f02276361c5fd48183fe81,PRESENT,CURRENT / WORKING / OPEN,live-model/STORY_CLOCK_STATE.md#october-8--red-weeks-three-through-seven | live-model/ILLI_PROGRESSION.md#october-8--early-bow-coherence-and-solo-scope | live-model/DOMAI_PARTICIPATION.md#october-8--first-red-domai-narrative-guard | live-model/ECONOMY_PURCHASE_SCHEDULE.md#october-8--authored-bonus-clears-and-solo-accounting,"Daily direction, qualified hours and optional activity retained. Booked minimum event/purchase data untouched; no guessed optional credit. R5D1 withdrawal cannot be formal exit before D2."
R7D6,provenance/diplomatic-pouch-2026-10-08/package/package/02_RED_W3_W7.md,"Duo W10, working 11:00–13:00 start, ~8–10h; late salad/dinner/highlights.",edee2f078704d2119c52a51de60a6bfb9d3b8f7d1f5322481e4d46fca1b42592,PRESENT,CURRENT / WORKING / OPEN,live-model/STORY_CLOCK_STATE.md#october-8--red-weeks-three-through-seven | live-model/ILLI_PROGRESSION.md#october-8--early-bow-coherence-and-solo-scope | live-model/DOMAI_PARTICIPATION.md#october-8--first-red-domai-narrative-guard | live-model/ECONOMY_PURCHASE_SCHEDULE.md#october-8--authored-bonus-clears-and-solo-accounting,"Daily direction, qualified hours and optional activity retained. Booked minimum event/purchase data untouched; no guessed optional credit. R5D1 withdrawal cannot be formal exit before D2."
R7D7,provenance/diplomatic-pouch-2026-10-08/package/package/02_RED_W3_W7.md,"Orange x2: Kira/illi recruit recurring leader and make him lead again; ~12:00 formation, finish as late as ~22:00; frosted abecca; invite leader to Champion Table. Extended Red-season finale Highlights ~2–2.5h WORKING duration.",b4daeb4d9ff2471ef28d68547d4f9c48a7dc0d1ff5138b14f8d105ab81c7bb75,PRESENT,CURRENT / WORKING / OPEN,live-model/STORY_CLOCK_STATE.md#october-8--red-weeks-three-through-seven | live-model/ILLI_PROGRESSION.md#october-8--early-bow-coherence-and-solo-scope | live-model/DOMAI_PARTICIPATION.md#october-8--first-red-domai-narrative-guard | live-model/ECONOMY_PURCHASE_SCHEDULE.md#october-8--authored-bonus-clears-and-solo-accounting,"Daily direction, qualified hours and optional activity retained. Booked minimum event/purchase data untouched; no guessed optional credit. R5D1 withdrawal cannot be formal exit before D2."
RED-RAID-LINE,provenance/diplomatic-pouch-2026-10-08/package/package/02_RED_W3_W7.md,Red raid line: R3D2 Fire Dragon CLEAR; R4D5 Burrower CLEAR; R6D6 Coherence Twins CLEAR; Shardfield Red-season wall; Glasswing/Walking Fortress not cleared by Kira+illi.,ebfb57a9afcbb4f12a2eaea4ca2c189832daf02594b1de2faacf5ed7b73827ca,PRESENT,CURRENT / WORKING / OPEN,live-model/STORY_CLOCK_STATE.md#october-8--red-weeks-three-through-seven | live-model/ECONOMY_PURCHASE_SCHEDULE.md#october-8--authored-bonus-clears-and-solo-accounting,Supplied text preserved with qualifications in the current owner; no extra details inferred.
O1D1,provenance/diplomatic-pouch-2026-10-08/package/package/03_ORANGE_W1.md,O1D1 Duo W10 ~10h; routine late-morning start/recovery/social close.,709b512b5c9143079ff5df7d9de98081d94d3f857e1c783dab0c58a80d8962d8,PRESENT,CURRENT / WORKING / OPEN,live-model/STORY_CLOCK_STATE.md#october-8--orange-week-one | live-model/ECONOMY_PURCHASE_SCHEDULE.md#october-8--authored-bonus-clears-and-solo-accounting,Minimum dates/costs and optional qualifications preserved.
O1D2,provenance/diplomatic-pouch-2026-10-08/package/package/03_ORANGE_W1.md,O1D2 Orange Dungeons x2 ~6–10h; recurring leader or PUG.,cece21bd2e500dec47f4a79e05f5572e1ce6e1818a82212f83c1b929c856d11f,PRESENT,CURRENT / WORKING / OPEN,live-model/STORY_CLOCK_STATE.md#october-8--orange-week-one | live-model/ECONOMY_PURCHASE_SCHEDULE.md#october-8--authored-bonus-clears-and-solo-accounting,Minimum dates/costs and optional qualifications preserved.
O1D3,provenance/diplomatic-pouch-2026-10-08/package/package/03_ORANGE_W1.md,O1D3 Duo W10 ~10h; final minimum-income push before PC Blue; illi realizes she has enough.,a4b27901985d5266da75ea371d57f332848e5dae9075b183827d569258834be7,PRESENT,CURRENT / WORKING / OPEN,live-model/STORY_CLOCK_STATE.md#october-8--orange-week-one | live-model/ECONOMY_PURCHASE_SCHEDULE.md#october-8--authored-bonus-clears-and-solo-accounting,Minimum dates/costs and optional qualifications preserved.
O1D4,provenance/diplomatic-pouch-2026-10-08/package/package/03_ORANGE_W1.md,"O1D4 PC->BLUE, calendar cost 25,705; White Legacy qualification/acceptance milestone per existing canon; minimum balance 952. Optional Solo/top-off only if audited. Celebrate socially/bookstore/raeon.",803d5d54524c853c661980a35a4a38fdd4622559a23fcc9bb94106ea8cbfe8ba,PRESENT,CURRENT / WORKING / OPEN,live-model/STORY_CLOCK_STATE.md#october-8--orange-week-one | live-model/ECONOMY_PURCHASE_SCHEDULE.md#october-8--authored-bonus-clears-and-solo-accounting,Minimum dates/costs and optional qualifications preserved.
O1D5,provenance/diplomatic-pouch-2026-10-08/package/package/03_ORANGE_W1.md,O1D5 OPEN; strong candidate for Queen Sairenne/royal-family White-Legacy aftermath; exact attendance flexible.,b3f2058d919dc4afc9439474f41997c490ea062bf026955c6e902b69b9926714,PRESENT,CURRENT / WORKING / OPEN,live-model/STORY_CLOCK_STATE.md#october-8--orange-week-one | live-model/ECONOMY_PURCHASE_SCHEDULE.md#october-8--authored-bonus-clears-and-solo-accounting,Minimum dates/costs and optional qualifications preserved.
O1D6,provenance/diplomatic-pouch-2026-10-08/package/package/03_ORANGE_W1.md,"O1D6 NEW seasonal Raid roster: Sixfold CLEAR; Triumvirate CLEAR; Black Orchard several pulls/repeated deaths FAIL; people stop wanting to wipe and group disbands. Calendar books one Red first-clear +2,500 each; second Red adds +2,500 each actual-wallet surplus; no Orange reward.",64ab7f36b197d10e521f6222144c1ea56047adfebfe75334651569b922aa9326,CONFLICT,CURRENT / WORKING / OPEN,live-model/STORY_CLOCK_STATE.md#october-8--orange-week-one | live-model/ECONOMY_PURCHASE_SCHEDULE.md#october-8--authored-bonus-clears-and-solo-accounting,Both Red clear identities integrated; extra credit unresolved against O4D2 under once-per-boss-per-season.
O1D7,provenance/diplomatic-pouch-2026-10-08/package/package/03_ORANGE_W1.md,O1D7 Duo W10 ~10h; routine post-Legacy accumulation.,b3012864bc014caf75a233d37a4b668227c1a2885b733808118daa565e104ed0,PRESENT,CURRENT / WORKING / OPEN,live-model/STORY_CLOCK_STATE.md#october-8--orange-week-one | live-model/ECONOMY_PURCHASE_SCHEDULE.md#october-8--authored-bonus-clears-and-solo-accounting,Minimum dates/costs and optional qualifications preserved.
ORANGE-RESET,provenance/diplomatic-pouch-2026-10-08/package/package/03_ORANGE_W1.md,"New season = new Raid boss roster/new first-clear rewards. Cohort is stronger and better networked than in Red, but encounters are new and require learning.",22e5d20d6163a3e50115606a1967054674554cba216c177bc9e14336012250ff,PRESENT,CURRENT / WORKING / OPEN,live-model/STORY_CLOCK_STATE.md#october-8--orange-week-one | live-model/04_COMBAT_WORLD.md#october-8--orange-season-normal-raid-roster,Supplied text preserved with qualifications in the current owner; no extra details inferred.
RAID-ONTOLOGY,provenance/diplomatic-pouch-2026-10-08/package/package/04_ORANGE_RAID_ROSTER.md,"Orange-season Normal Raid roster — LOCKED. These are Valnak encounter constructs, not ordinary outside-world eldris.",438b9ea76bec5d2fbb828b179c66d4ad077edc2a42c5ac046d68f2fba1ca2753,PRESENT,LOCKED,live-model/04_COMBAT_WORLD.md#october-8--orange-season-normal-raid-roster,Supplied text preserved with qualifications in the current owner; no extra details inferred.
ORANGE-BOSS-1,provenance/diplomatic-pouch-2026-10-08/package/package/04_ORANGE_RAID_ROSTER.md,"Red A — Sixfold
Amorphous Genesis construct forced through progressively simpler stable morphologies as structural disruption exceeds current state.
Sixfold = 2 legs + 4 arms. Fivefold = 2 legs + 2 arms + tail. Fourfold = 4 legs/quadrupedal charge-pounce-trample. Threefold = 2 legs + 1 massive arm/heavy sweep-slam. Twofold = 2 legs/compact mobility-kick-leap-body-check. Onefold = no limbs/dense rolling-slamming blob trying to crush participants. Zero = coherence failure/CLEAR. Identity: attrition; keep damaging until it runs out of viable morphologies, not arbitrary health phases.",c31f9ec91125803ecf674d2bfe7ee93399cdad18c5bbb0f7c217a9e3a58fe556,PRESENT,LOCKED; approximate dimensions / material OPEN retained,live-model/04_COMBAT_WORLD.md#october-8--orange-season-normal-raid-roster,Supplied text preserved with qualifications in the current owner; no extra details inferred.
ORANGE-BOSS-2,provenance/diplomatic-pouch-2026-10-08/package/package/04_ORANGE_RAID_ROSTER.md,"Red B — Triumvirate
Three ~13–17 ft constructs: Keeper/healer (Persistent + Directed Coherence, weak offense); Bastion/Guardian (durable interception/obstruction, NO threat stat); Lance/ranged (Genesis Beam + explosive Genesis-energy orb/projectile, maintains range). Strategy: separate Keeper and hold it away; front line occupies Bastion; ranged/mobile kills Lance; collapse on Bastion; whole Raid finishes Keeper. Danger = synergy/role decomposition.",615ef4938e889ed645e9495a649e41224689c2f4fc3325c63b0ff4bb4d6be2b7,PRESENT,LOCKED; approximate dimensions / material OPEN retained,live-model/04_COMBAT_WORLD.md#october-8--orange-season-normal-raid-roster,Supplied text preserved with qualifications in the current owner; no extra details inferred.
ORANGE-BOSS-3,provenance/diplomatic-pouch-2026-10-08/package/package/04_ORANGE_RAID_ROSTER.md,"Orange A — Black Orchard
Gigantic black Genesis tree/root environment. Fine roots/tendrils/vines whip/grab/obstruct and must be penetrated. Central Orchard emits broad Decoherence/Genesis-field pulses with escalating pressure. Persistent Coherence is especially valuable for sustained raid stabilization; Directed Coherence remains acute rescue. Identity: environmental penetration + healing throughput + attrition. O1D6 repeated attempts FAIL; group dissolves.",5f19dfc7f18bc1561d075a384405d95b5751f6fe931b1cafe790707f9c00d2fc,PRESENT,LOCKED; approximate dimensions / material OPEN retained,live-model/04_COMBAT_WORLD.md#october-8--orange-season-normal-raid-roster,Supplied text preserved with qualifications in the current owner; no extra details inferred.
ORANGE-BOSS-4,provenance/diplomatic-pouch-2026-10-08/package/package/04_ORANGE_RAID_ROSTER.md,"Orange B — Weaver
Autonomous extremely durable metal-appearing construct with 8 articulated legs and central chassis; exact alloy/material OPEN.
Phase 1: jumps/weaves unpredictably; Raid spreads; landing/catching participant can pin/impale, with clean central impalement ordinarily catastrophic/lethal (not artificial one-shot). Raid concentrates damage on legs despite mobility. ANY four legs may be disabled.
Transition: at 4 remaining functional legs, jumping locomotion is mechanically unavailable.
Phase 2: grounded/crawling rapid pursuit/charges; pin/impale persists; chassis uses straightforward Genesis Beam/ranged pressure; Raid dismantles remaining structure/chassis.",7f573f96d41c51a35c51e328d1f61fd953b57bd6d7298f38c7e1f095df2047c9,PRESENT,LOCKED; approximate dimensions / material OPEN retained,live-model/04_COMBAT_WORLD.md#october-8--orange-season-normal-raid-roster,Supplied text preserved with qualifications in the current owner; no extra details inferred.
ORANGE-BOSS-5,provenance/diplomatic-pouch-2026-10-08/package/package/04_ORANGE_RAID_ROSTER.md,"Yellow — Wayfarer
~13-ft lean bipedal construct using paired spatial/dimensional gates. Paired boundaries preserve continuity; attacks/matter enter one and emerge from paired exit with momentum/energy substantially preserved. Can step through gates/walls and redirect incoming Fireball/Beam/projectile toward other participants, creating physically real friendly fire. Gate formation has readable Genesis expression; participants may exploit open gates. Guardrail: attack must cross gate BEFORE impact; no retroactive reflection after boss is hit. Identity: spatial/topological awareness.",3665b73d5b3d7508627eff5f3a6c6b8c26438b6262227618f194f5a5759d613b,PRESENT,LOCKED; approximate dimensions / material OPEN retained,live-model/04_COMBAT_WORLD.md#october-8--orange-season-normal-raid-roster,Supplied text preserved with qualifications in the current owner; no extra details inferred.
ORANGE-BOSS-6,provenance/diplomatic-pouch-2026-10-08/package/package/04_ORANGE_RAID_ROSTER.md,"Green — The Bloom
Rooted alien carnivorous flower; composition/ecological attrition wall.
Prime Bloom ~23 ft, extremely durable/high Green endurance. Ranged slowly damage it. Close envelope folds/lunges/chomps; vines whip/grab/pull. Ordinary melee near Prime is dangerous; hyper-mobile melee may opportunistically strike.
Prime ejects spores. Immature spores draw on Genesis field. Physical/melee disruption destroys them. Direct Genesis-energy attacks are metabolized/absorbed and accelerate growth; NOT generic anti-magic. Unattended/energized spore matures into ~17-ft Secondary Bloom.
Secondary Bloom is less durable but dangerous, also launches spores and retains carnivorous/vine behavior.
Role split: ranged sustain damage on Prime; melee/physical suppress spores; helkir sustain both layers.
Runaway is emergent, no hard numeric wipe: more Blooms -> more spores -> more melee pressure -> fatigue -> missed spores -> more Blooms. Eventually spore production exceeds physical suppression capacity and battlefield becomes unrecoverable. Green should feel survivable/attackable/understandable yet functionally impossible for immature first-cycle Orange-season groups.",d6c853f882399bd9bdcb32829d7337d2a88983a65318d9347b1ade7966e09c23,PRESENT,LOCKED; approximate dimensions / material OPEN retained,live-model/04_COMBAT_WORLD.md#october-8--orange-season-normal-raid-roster,Supplied text preserved with qualifications in the current owner; no extra details inferred.
