group_id,highest_basin,highest_basin_code,population,composition,red,orange,yellow,green,blue,violet,melee_count,transductionist_count,tactical_profile,builder_note
R001,Red,R,1,1R,1,0,0,0,0,0,1,0,melee-only; physical pressure,Singleton atomic unit; combine with other atomic groups for larger encounters.
R002,Red,R,2,2R,2,0,0,0,0,0,2,0,melee-only; physical pressure,Melee-family atomic group; combine with Transductionist groups when ranged/projected support is desired.
R003,Red,R,3,3R,3,0,0,0,0,0,3,0,melee-only; physical pressure,Melee-family atomic group; combine with Transductionist groups when ranged/projected support is desired.
R004,Red,R,4,4R,4,0,0,0,0,0,4,0,melee-only; physical pressure,Melee-family atomic group; combine with Transductionist groups when ranged/projected support is desired.
O001,Orange,O,1,1O,0,1,0,0,0,0,1,0,melee-only; intrusion pressure,Singleton atomic unit; combine with other atomic groups for larger encounters.
O002,Orange,O,2,1R+1O,1,1,0,0,0,0,2,0,melee-only; intrusion pressure; physical pressure,Melee-family atomic group; combine with Transductionist groups when ranged/projected support is desired.
O003,Orange,O,2,2O,0,2,0,0,0,0,2,0,melee-only; intrusion pressure,Melee-family atomic group; combine with Transductionist groups when ranged/projected support is desired.
O004,Orange,O,3,2R+1O,2,1,0,0,0,0,3,0,melee-only; intrusion pressure; physical pressure,Melee-family atomic group; combine with Transductionist groups when ranged/projected support is desired.
O005,Orange,O,3,1R+2O,1,2,0,0,0,0,3,0,melee-only; intrusion pressure; physical pressure,Melee-family atomic group; combine with Transductionist groups when ranged/projected support is desired.
O006,Orange,O,3,3O,0,3,0,0,0,0,3,0,melee-only; intrusion pressure,Melee-family atomic group; combine with Transductionist groups when ranged/projected support is desired.
O007,Orange,O,4,3R+1O,3,1,0,0,0,0,4,0,melee-only; intrusion pressure; physical pressure,Melee-family atomic group; combine with Transductionist groups when ranged/projected support is desired.
O008,Orange,O,4,2R+2O,2,2,0,0,0,0,4,0,melee-only; intrusion pressure; physical pressure,Melee-family atomic group; combine with Transductionist groups when ranged/projected support is desired.
O009,Orange,O,4,1R+3O,1,3,0,0,0,0,4,0,melee-only; intrusion pressure; physical pressure,Melee-family atomic group; combine with Transductionist groups when ranged/projected support is desired.
O010,Orange,O,4,4O,0,4,0,0,0,0,4,0,melee-only; intrusion pressure,Melee-family atomic group; combine with Transductionist groups when ranged/projected support is desired.
Y001,Yellow,Y,1,1Y,0,0,1,0,0,0,0,1,Transductionist-only; ranged-force pressure,Singleton atomic unit; combine with other atomic groups for larger encounters.
Y002,Yellow,Y,2,1R+1Y,1,0,1,0,0,0,1,1,mixed melee/Transductionist; physical pressure; ranged-force pressure,Self-contained mixed-role atomic group; suitable as a nucleus or flank when combined.
Y003,Yellow,Y,2,1O+1Y,0,1,1,0,0,0,1,1,mixed melee/Transductionist; intrusion pressure; ranged-force pressure,Self-contained mixed-role atomic group; suitable as a nucleus or flank when combined.
Y004,Yellow,Y,2,2Y,0,0,2,0,0,0,0,2,Transductionist-only; ranged-force pressure,Transductionist-family atomic group; combine with melee groups when screening/frontline pressure is desired.
Y005,Yellow,Y,3,2R+1Y,2,0,1,0,0,0,2,1,mixed melee/Transductionist; physical pressure; ranged-force pressure,Self-contained mixed-role atomic group; suitable as a nucleus or flank when combined.
Y006,Yellow,Y,3,1R+1O+1Y,1,1,1,0,0,0,2,1,mixed melee/Transductionist; intrusion pressure; physical pressure; ranged-force pressure,Self-contained mixed-role atomic group; suitable as a nucleus or flank when combined.
Y007,Yellow,Y,3,1R+2Y,1,0,2,0,0,0,1,2,mixed melee/Transductionist; physical pressure; ranged-force pressure,Self-contained mixed-role atomic group; suitable as a nucleus or flank when combined.
Y008,Yellow,Y,3,2O+1Y,0,2,1,0,0,0,2,1,mixed melee/Transductionist; intrusion pressure; ranged-force pressure,Self-contained mixed-role atomic group; suitable as a nucleus or flank when combined.
Y009,Yellow,Y,3,1O+2Y,0,1,2,0,0,0,1,2,mixed melee/Transductionist; intrusion pressure; ranged-force pressure,Self-contained mixed-role atomic group; suitable as a nucleus or flank when combined.
Y010,Yellow,Y,3,3Y,0,0,3,0,0,0,0,3,Transductionist-only; ranged-force pressure,Transductionist-family atomic group; combine with melee groups when screening/frontline pressure is desired.
Y011,Yellow,Y,4,3R+1Y,3,0,1,0,0,0,3,1,mixed melee/Transductionist; physical pressure; ranged-force pressure,Self-contained mixed-role atomic group; suitable as a nucleus or flank when combined.
Y012,Yellow,Y,4,2R+1O+1Y,2,1,1,0,0,0,3,1,mixed melee/Transductionist; intrusion pressure; physical pressure; ranged-force pressure,Self-contained mixed-role atomic group; suitable as a nucleus or flank when combined.
Y013,Yellow,Y,4,2R+2Y,2,0,2,0,0,0,2,2,mixed melee/Transductionist; physical pressure; ranged-force pressure,Self-contained mixed-role atomic group; suitable as a nucleus or flank when combined.
Y014,Yellow,Y,4,1R+2O+1Y,1,2,1,0,0,0,3,1,mixed melee/Transductionist; intrusion pressure; physical pressure; ranged-force pressure,Self-contained mixed-role atomic group; suitable as a nucleus or flank when combined.
Y015,Yellow,Y,4,1R+1O+2Y,1,1,2,0,0,0,2,2,mixed melee/Transductionist; intrusion pressure; physical pressure; ranged-force pressure,Self-contained mixed-role atomic group; suitable as a nucleus or flank when combined.
Y016,Yellow,Y,4,1R+3Y,1,0,3,0,0,0,1,3,mixed melee/Transductionist; physical pressure; ranged-force pressure,Self-contained mixed-role atomic group; suitable as a nucleus or flank when combined.
Y017,Yellow,Y,4,3O+1Y,0,3,1,0,0,0,3,1,mixed melee/Transductionist; intrusion pressure; ranged-force pressure,Self-contained mixed-role atomic group; suitable as a nucleus or flank when combined.
Y018,Yellow,Y,4,2O+2Y,0,2,2,0,0,0,2,2,mixed melee/Transductionist; intrusion pressure; ranged-force pressure,Self-contained mixed-role atomic group; suitable as a nucleus or flank when combined.
Y019,Yellow,Y,4,1O+3Y,0,1,3,0,0,0,1,3,mixed melee/Transductionist; intrusion pressure; ranged-force pressure,Self-contained mixed-role atomic group; suitable as a nucleus or flank when combined.
Y020,Yellow,Y,4,4Y,0,0,4,0,0,0,0,4,Transductionist-only; ranged-force pressure,Transductionist-family atomic group; combine with melee groups when screening/frontline pressure is desired.
G001,Green,G,1,1G,0,0,0,1,0,0,1,0,melee-only; persistent/juggernaut anchor,Singleton atomic unit; combine with other atomic groups for larger encounters.
G002,Green,G,2,1R+1G,1,0,0,1,0,0,2,0,melee-only; persistent/juggernaut anchor; physical pressure,Melee-family atomic group; combine with Transductionist groups when ranged/projected support is desired.
G003,Green,G,2,1O+1G,0,1,0,1,0,0,2,0,melee-only; persistent/juggernaut anchor; intrusion pressure,Melee-family atomic group; combine with Transductionist groups when ranged/projected support is desired.
G004,Green,G,2,1Y+1G,0,0,1,1,0,0,1,1,mixed melee/Transductionist; persistent/juggernaut anchor; ranged-force pressure,Self-contained mixed-role atomic group; suitable as a nucleus or flank when combined.
G005,Green,G,2,2G,0,0,0,2,0,0,2,0,melee-only; persistent/juggernaut anchor,Melee-family atomic group; combine with Transductionist groups when ranged/projected support is desired.
G006,Green,G,3,2R+1G,2,0,0,1,0,0,3,0,melee-only; persistent/juggernaut anchor; physical pressure,Melee-family atomic group; combine with Transductionist groups when ranged/projected support is desired.
G007,Green,G,3,1R+1O+1G,1,1,0,1,0,0,3,0,melee-only; persistent/juggernaut anchor; intrusion pressure; physical pressure,Melee-family atomic group; combine with Transductionist groups when ranged/projected support is desired.
G008,Green,G,3,1R+1Y+1G,1,0,1,1,0,0,2,1,mixed melee/Transductionist; persistent/juggernaut anchor; physical pressure; ranged-force pressure,Self-contained mixed-role atomic group; suitable as a nucleus or flank when combined.
G009,Green,G,3,1R+2G,1,0,0,2,0,0,3,0,melee-only; persistent/juggernaut anchor; physical pressure,Melee-family atomic group; combine with Transductionist groups when ranged/projected support is desired.
G010,Green,G,3,2O+1G,0,2,0,1,0,0,3,0,melee-only; persistent/juggernaut anchor; intrusion pressure,Melee-family atomic group; combine with Transductionist groups when ranged/projected support is desired.
G011,Green,G,3,1O+1Y+1G,0,1,1,1,0,0,2,1,mixed melee/Transductionist; persistent/juggernaut anchor; intrusion pressure; ranged-force pressure,Self-contained mixed-role atomic group; suitable as a nucleus or flank when combined.
G012,Green,G,3,1O+2G,0,1,0,2,0,0,3,0,melee-only; persistent/juggernaut anchor; intrusion pressure,Melee-family atomic group; combine with Transductionist groups when ranged/projected support is desired.
G013,Green,G,3,2Y+1G,0,0,2,1,0,0,1,2,mixed melee/Transductionist; persistent/juggernaut anchor; ranged-force pressure,Self-contained mixed-role atomic group; suitable as a nucleus or flank when combined.
G014,Green,G,3,1Y+2G,0,0,1,2,0,0,2,1,mixed melee/Transductionist; persistent/juggernaut anchor; ranged-force pressure,Self-contained mixed-role atomic group; suitable as a nucleus or flank when combined.
G015,Green,G,3,3G,0,0,0,3,0,0,3,0,melee-only; persistent/juggernaut anchor,Melee-family atomic group; combine with Transductionist groups when ranged/projected support is desired.
G016,Green,G,4,3R+1G,3,0,0,1,0,0,4,0,melee-only; persistent/juggernaut anchor; physical pressure,Melee-family atomic group; combine with Transductionist groups when ranged/projected support is desired.
G017,Green,G,4,2R+1O+1G,2,1,0,1,0,0,4,0,melee-only; persistent/juggernaut anchor; intrusion pressure; physical pressure,Melee-family atomic group; combine with Transductionist groups when ranged/projected support is desired.
G018,Green,G,4,2R+1Y+1G,2,0,1,1,0,0,3,1,mixed melee/Transductionist; persistent/juggernaut anchor; physical pressure; ranged-force pressure,Self-contained mixed-role atomic group; suitable as a nucleus or flank when combined.
G019,Green,G,4,2R+2G,2,0,0,2,0,0,4,0,melee-only; persistent/juggernaut anchor; physical pressure,Melee-family atomic group; combine with Transductionist groups when ranged/projected support is desired.
G020,Green,G,4,1R+2O+1G,1,2,0,1,0,0,4,0,melee-only; persistent/juggernaut anchor; intrusion pressure; physical pressure,Melee-family atomic group; combine with Transductionist groups when ranged/projected support is desired.
G021,Green,G,4,1R+1O+1Y+1G,1,1,1,1,0,0,3,1,mixed melee/Transductionist; persistent/juggernaut anchor; intrusion pressure; physical pressure; ranged-force pressure,Self-contained mixed-role atomic group; suitable as a nucleus or flank when combined.
G022,Green,G,4,1R+1O+2G,1,1,0,2,0,0,4,0,melee-only; persistent/juggernaut anchor; intrusion pressure; physical pressure,Melee-family atomic group; combine with Transductionist groups when ranged/projected support is desired.
G023,Green,G,4,1R+2Y+1G,1,0,2,1,0,0,2,2,mixed melee/Transductionist; persistent/juggernaut anchor; physical pressure; ranged-force pressure,Self-contained mixed-role atomic group; suitable as a nucleus or flank when combined.
G024,Green,G,4,1R+1Y+2G,1,0,1,2,0,0,3,1,mixed melee/Transductionist; persistent/juggernaut anchor; physical pressure; ranged-force pressure,Self-contained mixed-role atomic group; suitable as a nucleus or flank when combined.
G025,Green,G,4,1R+3G,1,0,0,3,0,0,4,0,melee-only; persistent/juggernaut anchor; physical pressure,Melee-family atomic group; combine with Transductionist groups when ranged/projected support is desired.
G026,Green,G,4,3O+1G,0,3,0,1,0,0,4,0,melee-only; persistent/juggernaut anchor; intrusion pressure,Melee-family atomic group; combine with Transductionist groups when ranged/projected support is desired.
G027,Green,G,4,2O+1Y+1G,0,2,1,1,0,0,3,1,mixed melee/Transductionist; persistent/juggernaut anchor; intrusion pressure; ranged-force pressure,Self-contained mixed-role atomic group; suitable as a nucleus or flank when combined.
G028,Green,G,4,2O+2G,0,2,0,2,0,0,4,0,melee-only; persistent/juggernaut anchor; intrusion pressure,Melee-family atomic group; combine with Transductionist groups when ranged/projected support is desired.
G029,Green,G,4,1O+2Y+1G,0,1,2,1,0,0,2,2,mixed melee/Transductionist; persistent/juggernaut anchor; intrusion pressure; ranged-force pressure,Self-contained mixed-role atomic group; suitable as a nucleus or flank when combined.
G030,Green,G,4,1O+1Y+2G,0,1,1,2,0,0,3,1,mixed melee/Transductionist; persistent/juggernaut anchor; intrusion pressure; ranged-force pressure,Self-contained mixed-role atomic group; suitable as a nucleus or flank when combined.
G031,Green,G,4,1O+3G,0,1,0,3,0,0,4,0,melee-only; persistent/juggernaut anchor; intrusion pressure,Melee-family atomic group; combine with Transductionist groups when ranged/projected support is desired.
G032,Green,G,4,3Y+1G,0,0,3,1,0,0,1,3,mixed melee/Transductionist; persistent/juggernaut anchor; ranged-force pressure,Self-contained mixed-role atomic group; suitable as a nucleus or flank when combined.
G033,Green,G,4,2Y+2G,0,0,2,2,0,0,2,2,mixed melee/Transductionist; persistent/juggernaut anchor; ranged-force pressure,Self-contained mixed-role atomic group; suitable as a nucleus or flank when combined.
G034,Green,G,4,1Y+3G,0,0,1,3,0,0,3,1,mixed melee/Transductionist; persistent/juggernaut anchor; ranged-force pressure,Self-contained mixed-role atomic group; suitable as a nucleus or flank when combined.
G035,Green,G,4,4G,0,0,0,4,0,0,4,0,melee-only; persistent/juggernaut anchor,Melee-family atomic group; combine with Transductionist groups when ranged/projected support is desired.
B001,Blue,B,1,1B,0,0,0,0,1,0,0,1,Transductionist-only; projected-expression pressure,Singleton atomic unit; combine with other atomic groups for larger encounters.
B002,Blue,B,2,1R+1B,1,0,0,0,1,0,1,1,mixed melee/Transductionist; physical pressure; projected-expression pressure,Self-contained mixed-role atomic group; suitable as a nucleus or flank when combined.
B003,Blue,B,2,1O+1B,0,1,0,0,1,0,1,1,mixed melee/Transductionist; intrusion pressure; projected-expression pressure,Self-contained mixed-role atomic group; suitable as a nucleus or flank when combined.
B004,Blue,B,2,1Y+1B,0,0,1,0,1,0,0,2,Transductionist-only; ranged-force pressure; projected-expression pressure,Transductionist-family atomic group; combine with melee groups when screening/frontline pressure is desired.
B005,Blue,B,2,1G+1B,0,0,0,1,1,0,1,1,mixed melee/Transductionist; persistent/juggernaut anchor; projected-expression pressure,Self-contained mixed-role atomic group; suitable as a nucleus or flank when combined.
B006,Blue,B,2,2B,0,0,0,0,2,0,0,2,Transductionist-only; projected-expression pressure,Transductionist-family atomic group; combine with melee groups when screening/frontline pressure is desired.
B007,Blue,B,3,2R+1B,2,0,0,0,1,0,2,1,mixed melee/Transductionist; physical pressure; projected-expression pressure,Self-contained mixed-role atomic group; suitable as a nucleus or flank when combined.
B008,Blue,B,3,1R+1O+1B,1,1,0,0,1,0,2,1,mixed melee/Transductionist; intrusion pressure; physical pressure; projected-expression pressure,Self-contained mixed-role atomic group; suitable as a nucleus or flank when combined.
B009,Blue,B,3,1R+1Y+1B,1,0,1,0,1,0,1,2,mixed melee/Transductionist; physical pressure; ranged-force pressure; projected-expression pressure,Self-contained mixed-role atomic group; suitable as a nucleus or flank when combined.
B010,Blue,B,3,1R+1G+1B,1,0,0,1,1,0,2,1,mixed melee/Transductionist; persistent/juggernaut anchor; physical pressure; projected-expression pressure,Self-contained mixed-role atomic group; suitable as a nucleus or flank when combined.
B011,Blue,B,3,1R+2B,1,0,0,0,2,0,1,2,mixed melee/Transductionist; physical pressure; projected-expression pressure,Self-contained mixed-role atomic group; suitable as a nucleus or flank when combined.
B012,Blue,B,3,2O+1B,0,2,0,0,1,0,2,1,mixed melee/Transductionist; intrusion pressure; projected-expression pressure,Self-contained mixed-role atomic group; suitable as a nucleus or flank when combined.
B013,Blue,B,3,1O+1Y+1B,0,1,1,0,1,0,1,2,mixed melee/Transductionist; intrusion pressure; ranged-force pressure; projected-expression pressure,Self-contained mixed-role atomic group; suitable as a nucleus or flank when combined.
B014,Blue,B,3,1O+1G+1B,0,1,0,1,1,0,2,1,mixed melee/Transductionist; persistent/juggernaut anchor; intrusion pressure; projected-expression pressure,Self-contained mixed-role atomic group; suitable as a nucleus or flank when combined.
B015,Blue,B,3,1O+2B,0,1,0,0,2,0,1,2,mixed melee/Transductionist; intrusion pressure; projected-expression pressure,Self-contained mixed-role atomic group; suitable as a nucleus or flank when combined.
B016,Blue,B,3,2Y+1B,0,0,2,0,1,0,0,3,Transductionist-only; ranged-force pressure; projected-expression pressure,Transductionist-family atomic group; combine with melee groups when screening/frontline pressure is desired.
B017,Blue,B,3,1Y+1G+1B,0,0,1,1,1,0,1,2,mixed melee/Transductionist; persistent/juggernaut anchor; ranged-force pressure; projected-expression pressure,Self-contained mixed-role atomic group; suitable as a nucleus or flank when combined.
B018,Blue,B,3,1Y+2B,0,0,1,0,2,0,0,3,Transductionist-only; ranged-force pressure; projected-expression pressure,Transductionist-family atomic group; combine with melee groups when screening/frontline pressure is desired.
B019,Blue,B,3,2G+1B,0,0,0,2,1,0,2,1,mixed melee/Transductionist; persistent/juggernaut anchor; projected-expression pressure,Self-contained mixed-role atomic group; suitable as a nucleus or flank when combined.
B020,Blue,B,3,1G+2B,0,0,0,1,2,0,1,2,mixed melee/Transductionist; persistent/juggernaut anchor; projected-expression pressure,Self-contained mixed-role atomic group; suitable as a nucleus or flank when combined.
B021,Blue,B,3,3B,0,0,0,0,3,0,0,3,Transductionist-only; projected-expression pressure,Transductionist-family atomic group; combine with melee groups when screening/frontline pressure is desired.
B022,Blue,B,4,3R+1B,3,0,0,0,1,0,3,1,mixed melee/Transductionist; physical pressure; projected-expression pressure,Self-contained mixed-role atomic group; suitable as a nucleus or flank when combined.
B023,Blue,B,4,2R+1O+1B,2,1,0,0,1,0,3,1,mixed melee/Transductionist; intrusion pressure; physical pressure; projected-expression pressure,Self-contained mixed-role atomic group; suitable as a nucleus or flank when combined.
B024,Blue,B,4,2R+1Y+1B,2,0,1,0,1,0,2,2,mixed melee/Transductionist; physical pressure; ranged-force pressure; projected-expression pressure,Self-contained mixed-role atomic group; suitable as a nucleus or flank when combined.
B025,Blue,B,4,2R+1G+1B,2,0,0,1,1,0,3,1,mixed melee/Transductionist; persistent/juggernaut anchor; physical pressure; projected-expression pressure,Self-contained mixed-role atomic group; suitable as a nucleus or flank when combined.
B026,Blue,B,4,2R+2B,2,0,0,0,2,0,2,2,mixed melee/Transductionist; physical pressure; projected-expression pressure,Self-contained mixed-role atomic group; suitable as a nucleus or flank when combined.
B027,Blue,B,4,1R+2O+1B,1,2,0,0,1,0,3,1,mixed melee/Transductionist; intrusion pressure; physical pressure; projected-expression pressure,Self-contained mixed-role atomic group; suitable as a nucleus or flank when combined.
B028,Blue,B,4,1R+1O+1Y+1B,1,1,1,0,1,0,2,2,mixed melee/Transductionist; intrusion pressure; physical pressure; ranged-force pressure; projected-expression pressure,Self-contained mixed-role atomic group; suitable as a nucleus or flank when combined.
B029,Blue,B,4,1R+1O+1G+1B,1,1,0,1,1,0,3,1,mixed melee/Transductionist; persistent/juggernaut anchor; intrusion pressure; physical pressure; projected-expression pressure,Self-contained mixed-role atomic group; suitable as a nucleus or flank when combined.
B030,Blue,B,4,1R+1O+2B,1,1,0,0,2,0,2,2,mixed melee/Transductionist; intrusion pressure; physical pressure; projected-expression pressure,Self-contained mixed-role atomic group; suitable as a nucleus or flank when combined.
B031,Blue,B,4,1R+2Y+1B,1,0,2,0,1,0,1,3,mixed melee/Transductionist; physical pressure; ranged-force pressure; projected-expression pressure,Self-contained mixed-role atomic group; suitable as a nucleus or flank when combined.
B032,Blue,B,4,1R+1Y+1G+1B,1,0,1,1,1,0,2,2,mixed melee/Transductionist; persistent/juggernaut anchor; physical pressure; ranged-force pressure; projected-expression pressure,Self-contained mixed-role atomic group; suitable as a nucleus or flank when combined.
B033,Blue,B,4,1R+1Y+2B,1,0,1,0,2,0,1,3,mixed melee/Transductionist; physical pressure; ranged-force pressure; projected-expression pressure,Self-contained mixed-role atomic group; suitable as a nucleus or flank when combined.
B034,Blue,B,4,1R+2G+1B,1,0,0,2,1,0,3,1,mixed melee/Transductionist; persistent/juggernaut anchor; physical pressure; projected-expression pressure,Self-contained mixed-role atomic group; suitable as a nucleus or flank when combined.
B035,Blue,B,4,1R+1G+2B,1,0,0,1,2,0,2,2,mixed melee/Transductionist; persistent/juggernaut anchor; physical pressure; projected-expression pressure,Self-contained mixed-role atomic group; suitable as a nucleus or flank when combined.
B036,Blue,B,4,1R+3B,1,0,0,0,3,0,1,3,mixed melee/Transductionist; physical pressure; projected-expression pressure,Self-contained mixed-role atomic group; suitable as a nucleus or flank when combined.
B037,Blue,B,4,3O+1B,0,3,0,0,1,0,3,1,mixed melee/Transductionist; intrusion pressure; projected-expression pressure,Self-contained mixed-role atomic group; suitable as a nucleus or flank when combined.
B038,Blue,B,4,2O+1Y+1B,0,2,1,0,1,0,2,2,mixed melee/Transductionist; intrusion pressure; ranged-force pressure; projected-expression pressure,Self-contained mixed-role atomic group; suitable as a nucleus or flank when combined.
B039,Blue,B,4,2O+1G+1B,0,2,0,1,1,0,3,1,mixed melee/Transductionist; persistent/juggernaut anchor; intrusion pressure; projected-expression pressure,Self-contained mixed-role atomic group; suitable as a nucleus or flank when combined.
B040,Blue,B,4,2O+2B,0,2,0,0,2,0,2,2,mixed melee/Transductionist; intrusion pressure; projected-expression pressure,Self-contained mixed-role atomic group; suitable as a nucleus or flank when combined.
B041,Blue,B,4,1O+2Y+1B,0,1,2,0,1,0,1,3,mixed melee/Transductionist; intrusion pressure; ranged-force pressure; projected-expression pressure,Self-contained mixed-role atomic group; suitable as a nucleus or flank when combined.
B042,Blue,B,4,1O+1Y+1G+1B,0,1,1,1,1,0,2,2,mixed melee/Transductionist; persistent/juggernaut anchor; intrusion pressure; ranged-force pressure; projected-expression pressure,Self-contained mixed-role atomic group; suitable as a nucleus or flank when combined.
B043,Blue,B,4,1O+1Y+2B,0,1,1,0,2,0,1,3,mixed melee/Transductionist; intrusion pressure; ranged-force pressure; projected-expression pressure,Self-contained mixed-role atomic group; suitable as a nucleus or flank when combined.
B044,Blue,B,4,1O+2G+1B,0,1,0,2,1,0,3,1,mixed melee/Transductionist; persistent/juggernaut anchor; intrusion pressure; projected-expression pressure,Self-contained mixed-role atomic group; suitable as a nucleus or flank when combined.
B045,Blue,B,4,1O+1G+2B,0,1,0,1,2,0,2,2,mixed melee/Transductionist; persistent/juggernaut anchor; intrusion pressure; projected-expression pressure,Self-contained mixed-role atomic group; suitable as a nucleus or flank when combined.
B046,Blue,B,4,1O+3B,0,1,0,0,3,0,1,3,mixed melee/Transductionist; intrusion pressure; projected-expression pressure,Self-contained mixed-role atomic group; suitable as a nucleus or flank when combined.
B047,Blue,B,4,3Y+1B,0,0,3,0,1,0,0,4,Transductionist-only; ranged-force pressure; projected-expression pressure,Transductionist-family atomic group; combine with melee groups when screening/frontline pressure is desired.
B048,Blue,B,4,2Y+1G+1B,0,0,2,1,1,0,1,3,mixed melee/Transductionist; persistent/juggernaut anchor; ranged-force pressure; projected-expression pressure,Self-contained mixed-role atomic group; suitable as a nucleus or flank when combined.
B049,Blue,B,4,2Y+2B,0,0,2,0,2,0,0,4,Transductionist-only; ranged-force pressure; projected-expression pressure,Transductionist-family atomic group; combine with melee groups when screening/frontline pressure is desired.
B050,Blue,B,4,1Y+2G+1B,0,0,1,2,1,0,2,2,mixed melee/Transductionist; persistent/juggernaut anchor; ranged-force pressure; projected-expression pressure,Self-contained mixed-role atomic group; suitable as a nucleus or flank when combined.
B051,Blue,B,4,1Y+1G+2B,0,0,1,1,2,0,1,3,mixed melee/Transductionist; persistent/juggernaut anchor; ranged-force pressure; projected-expression pressure,Self-contained mixed-role atomic group; suitable as a nucleus or flank when combined.
B052,Blue,B,4,1Y+3B,0,0,1,0,3,0,0,4,Transductionist-only; ranged-force pressure; projected-expression pressure,Transductionist-family atomic group; combine with melee groups when screening/frontline pressure is desired.
B053,Blue,B,4,3G+1B,0,0,0,3,1,0,3,1,mixed melee/Transductionist; persistent/juggernaut anchor; projected-expression pressure,Self-contained mixed-role atomic group; suitable as a nucleus or flank when combined.
B054,Blue,B,4,2G+2B,0,0,0,2,2,0,2,2,mixed melee/Transductionist; persistent/juggernaut anchor; projected-expression pressure,Self-contained mixed-role atomic group; suitable as a nucleus or flank when combined.
B055,Blue,B,4,1G+3B,0,0,0,1,3,0,1,3,mixed melee/Transductionist; persistent/juggernaut anchor; projected-expression pressure,Self-contained mixed-role atomic group; suitable as a nucleus or flank when combined.
B056,Blue,B,4,4B,0,0,0,0,4,0,0,4,Transductionist-only; projected-expression pressure,Transductionist-family atomic group; combine with melee groups when screening/frontline pressure is desired.
V001,Violet,V,1,1V,0,0,0,0,0,1,0,1,Transductionist-only; high-Genesis-expression pressure,Singleton atomic unit; combine with other atomic groups for larger encounters.
V002,Violet,V,2,1R+1V,1,0,0,0,0,1,1,1,mixed melee/Transductionist; physical pressure; high-Genesis-expression pressure,Self-contained mixed-role atomic group; suitable as a nucleus or flank when combined.
V003,Violet,V,2,1O+1V,0,1,0,0,0,1,1,1,mixed melee/Transductionist; intrusion pressure; high-Genesis-expression pressure,Self-contained mixed-role atomic group; suitable as a nucleus or flank when combined.
V004,Violet,V,2,1Y+1V,0,0,1,0,0,1,0,2,Transductionist-only; ranged-force pressure; high-Genesis-expression pressure,Transductionist-family atomic group; combine with melee groups when screening/frontline pressure is desired.
V005,Violet,V,2,1G+1V,0,0,0,1,0,1,1,1,mixed melee/Transductionist; persistent/juggernaut anchor; high-Genesis-expression pressure,Self-contained mixed-role atomic group; suitable as a nucleus or flank when combined.
V006,Violet,V,2,1B+1V,0,0,0,0,1,1,0,2,Transductionist-only; projected-expression pressure; high-Genesis-expression pressure,Transductionist-family atomic group; combine with melee groups when screening/frontline pressure is desired.
V007,Violet,V,2,2V,0,0,0,0,0,2,0,2,Transductionist-only; high-Genesis-expression pressure,Transductionist-family atomic group; combine with melee groups when screening/frontline pressure is desired.
V008,Violet,V,3,2R+1V,2,0,0,0,0,1,2,1,mixed melee/Transductionist; physical pressure; high-Genesis-expression pressure,Self-contained mixed-role atomic group; suitable as a nucleus or flank when combined.
V009,Violet,V,3,1R+1O+1V,1,1,0,0,0,1,2,1,mixed melee/Transductionist; intrusion pressure; physical pressure; high-Genesis-expression pressure,Self-contained mixed-role atomic group; suitable as a nucleus or flank when combined.
V010,Violet,V,3,1R+1Y+1V,1,0,1,0,0,1,1,2,mixed melee/Transductionist; physical pressure; ranged-force pressure; high-Genesis-expression pressure,Self-contained mixed-role atomic group; suitable as a nucleus or flank when combined.
V011,Violet,V,3,1R+1G+1V,1,0,0,1,0,1,2,1,mixed melee/Transductionist; persistent/juggernaut anchor; physical pressure; high-Genesis-expression pressure,Self-contained mixed-role atomic group; suitable as a nucleus or flank when combined.
V012,Violet,V,3,1R+1B+1V,1,0,0,0,1,1,1,2,mixed melee/Transductionist; physical pressure; projected-expression pressure; high-Genesis-expression pressure,Self-contained mixed-role atomic group; suitable as a nucleus or flank when combined.
V013,Violet,V,3,1R+2V,1,0,0,0,0,2,1,2,mixed melee/Transductionist; physical pressure; high-Genesis-expression pressure,Self-contained mixed-role atomic group; suitable as a nucleus or flank when combined.
V014,Violet,V,3,2O+1V,0,2,0,0,0,1,2,1,mixed melee/Transductionist; intrusion pressure; high-Genesis-expression pressure,Self-contained mixed-role atomic group; suitable as a nucleus or flank when combined.
V015,Violet,V,3,1O+1Y+1V,0,1,1,0,0,1,1,2,mixed melee/Transductionist; intrusion pressure; ranged-force pressure; high-Genesis-expression pressure,Self-contained mixed-role atomic group; suitable as a nucleus or flank when combined.
V016,Violet,V,3,1O+1G+1V,0,1,0,1,0,1,2,1,mixed melee/Transductionist; persistent/juggernaut anchor; intrusion pressure; high-Genesis-expression pressure,Self-contained mixed-role atomic group; suitable as a nucleus or flank when combined.
V017,Violet,V,3,1O+1B+1V,0,1,0,0,1,1,1,2,mixed melee/Transductionist; intrusion pressure; projected-expression pressure; high-Genesis-expression pressure,Self-contained mixed-role atomic group; suitable as a nucleus or flank when combined.
V018,Violet,V,3,1O+2V,0,1,0,0,0,2,1,2,mixed melee/Transductionist; intrusion pressure; high-Genesis-expression pressure,Self-contained mixed-role atomic group; suitable as a nucleus or flank when combined.
V019,Violet,V,3,2Y+1V,0,0,2,0,0,1,0,3,Transductionist-only; ranged-force pressure; high-Genesis-expression pressure,Transductionist-family atomic group; combine with melee groups when screening/frontline pressure is desired.
V020,Violet,V,3,1Y+1G+1V,0,0,1,1,0,1,1,2,mixed melee/Transductionist; persistent/juggernaut anchor; ranged-force pressure; high-Genesis-expression pressure,Self-contained mixed-role atomic group; suitable as a nucleus or flank when combined.
V021,Violet,V,3,1Y+1B+1V,0,0,1,0,1,1,0,3,Transductionist-only; ranged-force pressure; projected-expression pressure; high-Genesis-expression pressure,Transductionist-family atomic group; combine with melee groups when screening/frontline pressure is desired.
V022,Violet,V,3,1Y+2V,0,0,1,0,0,2,0,3,Transductionist-only; ranged-force pressure; high-Genesis-expression pressure,Transductionist-family atomic group; combine with melee groups when screening/frontline pressure is desired.
V023,Violet,V,3,2G+1V,0,0,0,2,0,1,2,1,mixed melee/Transductionist; persistent/juggernaut anchor; high-Genesis-expression pressure,Self-contained mixed-role atomic group; suitable as a nucleus or flank when combined.
V024,Violet,V,3,1G+1B+1V,0,0,0,1,1,1,1,2,mixed melee/Transductionist; persistent/juggernaut anchor; projected-expression pressure; high-Genesis-expression pressure,Self-contained mixed-role atomic group; suitable as a nucleus or flank when combined.
V025,Violet,V,3,1G+2V,0,0,0,1,0,2,1,2,mixed melee/Transductionist; persistent/juggernaut anchor; high-Genesis-expression pressure,Self-contained mixed-role atomic group; suitable as a nucleus or flank when combined.
V026,Violet,V,3,2B+1V,0,0,0,0,2,1,0,3,Transductionist-only; projected-expression pressure; high-Genesis-expression pressure,Transductionist-family atomic group; combine with melee groups when screening/frontline pressure is desired.
V027,Violet,V,3,1B+2V,0,0,0,0,1,2,0,3,Transductionist-only; projected-expression pressure; high-Genesis-expression pressure,Transductionist-family atomic group; combine with melee groups when screening/frontline pressure is desired.
V028,Violet,V,3,3V,0,0,0,0,0,3,0,3,Transductionist-only; high-Genesis-expression pressure,Transductionist-family atomic group; combine with melee groups when screening/frontline pressure is desired.
V029,Violet,V,4,3R+1V,3,0,0,0,0,1,3,1,mixed melee/Transductionist; physical pressure; high-Genesis-expression pressure,Self-contained mixed-role atomic group; suitable as a nucleus or flank when combined.
V030,Violet,V,4,2R+1O+1V,2,1,0,0,0,1,3,1,mixed melee/Transductionist; intrusion pressure; physical pressure; high-Genesis-expression pressure,Self-contained mixed-role atomic group; suitable as a nucleus or flank when combined.
V031,Violet,V,4,2R+1Y+1V,2,0,1,0,0,1,2,2,mixed melee/Transductionist; physical pressure; ranged-force pressure; high-Genesis-expression pressure,Self-contained mixed-role atomic group; suitable as a nucleus or flank when combined.
V032,Violet,V,4,2R+1G+1V,2,0,0,1,0,1,3,1,mixed melee/Transductionist; persistent/juggernaut anchor; physical pressure; high-Genesis-expression pressure,Self-contained mixed-role atomic group; suitable as a nucleus or flank when combined.
V033,Violet,V,4,2R+1B+1V,2,0,0,0,1,1,2,2,mixed melee/Transductionist; physical pressure; projected-expression pressure; high-Genesis-expression pressure,Self-contained mixed-role atomic group; suitable as a nucleus or flank when combined.
V034,Violet,V,4,2R+2V,2,0,0,0,0,2,2,2,mixed melee/Transductionist; physical pressure; high-Genesis-expression pressure,Self-contained mixed-role atomic group; suitable as a nucleus or flank when combined.
V035,Violet,V,4,1R+2O+1V,1,2,0,0,0,1,3,1,mixed melee/Transductionist; intrusion pressure; physical pressure; high-Genesis-expression pressure,Self-contained mixed-role atomic group; suitable as a nucleus or flank when combined.
V036,Violet,V,4,1R+1O+1Y+1V,1,1,1,0,0,1,2,2,mixed melee/Transductionist; intrusion pressure; physical pressure; ranged-force pressure; high-Genesis-expression pressure,Self-contained mixed-role atomic group; suitable as a nucleus or flank when combined.
V037,Violet,V,4,1R+1O+1G+1V,1,1,0,1,0,1,3,1,mixed melee/Transductionist; persistent/juggernaut anchor; intrusion pressure; physical pressure; high-Genesis-expression pressure,Self-contained mixed-role atomic group; suitable as a nucleus or flank when combined.
V038,Violet,V,4,1R+1O+1B+1V,1,1,0,0,1,1,2,2,mixed melee/Transductionist; intrusion pressure; physical pressure; projected-expression pressure; high-Genesis-expression pressure,Self-contained mixed-role atomic group; suitable as a nucleus or flank when combined.
V039,Violet,V,4,1R+1O+2V,1,1,0,0,0,2,2,2,mixed melee/Transductionist; intrusion pressure; physical pressure; high-Genesis-expression pressure,Self-contained mixed-role atomic group; suitable as a nucleus or flank when combined.
V040,Violet,V,4,1R+2Y+1V,1,0,2,0,0,1,1,3,mixed melee/Transductionist; physical pressure; ranged-force pressure; high-Genesis-expression pressure,Self-contained mixed-role atomic group; suitable as a nucleus or flank when combined.
V041,Violet,V,4,1R+1Y+1G+1V,1,0,1,1,0,1,2,2,mixed melee/Transductionist; persistent/juggernaut anchor; physical pressure; ranged-force pressure; high-Genesis-expression pressure,Self-contained mixed-role atomic group; suitable as a nucleus or flank when combined.
V042,Violet,V,4,1R+1Y+1B+1V,1,0,1,0,1,1,1,3,mixed melee/Transductionist; physical pressure; ranged-force pressure; projected-expression pressure; high-Genesis-expression pressure,Self-contained mixed-role atomic group; suitable as a nucleus or flank when combined.
V043,Violet,V,4,1R+1Y+2V,1,0,1,0,0,2,1,3,mixed melee/Transductionist; physical pressure; ranged-force pressure; high-Genesis-expression pressure,Self-contained mixed-role atomic group; suitable as a nucleus or flank when combined.
V044,Violet,V,4,1R+2G+1V,1,0,0,2,0,1,3,1,mixed melee/Transductionist; persistent/juggernaut anchor; physical pressure; high-Genesis-expression pressure,Self-contained mixed-role atomic group; suitable as a nucleus or flank when combined.
V045,Violet,V,4,1R+1G+1B+1V,1,0,0,1,1,1,2,2,mixed melee/Transductionist; persistent/juggernaut anchor; physical pressure; projected-expression pressure; high-Genesis-expression pressure,Self-contained mixed-role atomic group; suitable as a nucleus or flank when combined.
V046,Violet,V,4,1R+1G+2V,1,0,0,1,0,2,2,2,mixed melee/Transductionist; persistent/juggernaut anchor; physical pressure; high-Genesis-expression pressure,Self-contained mixed-role atomic group; suitable as a nucleus or flank when combined.
V047,Violet,V,4,1R+2B+1V,1,0,0,0,2,1,1,3,mixed melee/Transductionist; physical pressure; projected-expression pressure; high-Genesis-expression pressure,Self-contained mixed-role atomic group; suitable as a nucleus or flank when combined.
V048,Violet,V,4,1R+1B+2V,1,0,0,0,1,2,1,3,mixed melee/Transductionist; physical pressure; projected-expression pressure; high-Genesis-expression pressure,Self-contained mixed-role atomic group; suitable as a nucleus or flank when combined.
V049,Violet,V,4,1R+3V,1,0,0,0,0,3,1,3,mixed melee/Transductionist; physical pressure; high-Genesis-expression pressure,Self-contained mixed-role atomic group; suitable as a nucleus or flank when combined.
V050,Violet,V,4,3O+1V,0,3,0,0,0,1,3,1,mixed melee/Transductionist; intrusion pressure; high-Genesis-expression pressure,Self-contained mixed-role atomic group; suitable as a nucleus or flank when combined.
V051,Violet,V,4,2O+1Y+1V,0,2,1,0,0,1,2,2,mixed melee/Transductionist; intrusion pressure; ranged-force pressure; high-Genesis-expression pressure,Self-contained mixed-role atomic group; suitable as a nucleus or flank when combined.
V052,Violet,V,4,2O+1G+1V,0,2,0,1,0,1,3,1,mixed melee/Transductionist; persistent/juggernaut anchor; intrusion pressure; high-Genesis-expression pressure,Self-contained mixed-role atomic group; suitable as a nucleus or flank when combined.
V053,Violet,V,4,2O+1B+1V,0,2,0,0,1,1,2,2,mixed melee/Transductionist; intrusion pressure; projected-expression pressure; high-Genesis-expression pressure,Self-contained mixed-role atomic group; suitable as a nucleus or flank when combined.
V054,Violet,V,4,2O+2V,0,2,0,0,0,2,2,2,mixed melee/Transductionist; intrusion pressure; high-Genesis-expression pressure,Self-contained mixed-role atomic group; suitable as a nucleus or flank when combined.
V055,Violet,V,4,1O+2Y+1V,0,1,2,0,0,1,1,3,mixed melee/Transductionist; intrusion pressure; ranged-force pressure; high-Genesis-expression pressure,Self-contained mixed-role atomic group; suitable as a nucleus or flank when combined.
V056,Violet,V,4,1O+1Y+1G+1V,0,1,1,1,0,1,2,2,mixed melee/Transductionist; persistent/juggernaut anchor; intrusion pressure; ranged-force pressure; high-Genesis-expression pressure,Self-contained mixed-role atomic group; suitable as a nucleus or flank when combined.
V057,Violet,V,4,1O+1Y+1B+1V,0,1,1,0,1,1,1,3,mixed melee/Transductionist; intrusion pressure; ranged-force pressure; projected-expression pressure; high-Genesis-expression pressure,Self-contained mixed-role atomic group; suitable as a nucleus or flank when combined.
V058,Violet,V,4,1O+1Y+2V,0,1,1,0,0,2,1,3,mixed melee/Transductionist; intrusion pressure; ranged-force pressure; high-Genesis-expression pressure,Self-contained mixed-role atomic group; suitable as a nucleus or flank when combined.
V059,Violet,V,4,1O+2G+1V,0,1,0,2,0,1,3,1,mixed melee/Transductionist; persistent/juggernaut anchor; intrusion pressure; high-Genesis-expression pressure,Self-contained mixed-role atomic group; suitable as a nucleus or flank when combined.
V060,Violet,V,4,1O+1G+1B+1V,0,1,0,1,1,1,2,2,mixed melee/Transductionist; persistent/juggernaut anchor; intrusion pressure; projected-expression pressure; high-Genesis-expression pressure,Self-contained mixed-role atomic group; suitable as a nucleus or flank when combined.
V061,Violet,V,4,1O+1G+2V,0,1,0,1,0,2,2,2,mixed melee/Transductionist; persistent/juggernaut anchor; intrusion pressure; high-Genesis-expression pressure,Self-contained mixed-role atomic group; suitable as a nucleus or flank when combined.
V062,Violet,V,4,1O+2B+1V,0,1,0,0,2,1,1,3,mixed melee/Transductionist; intrusion pressure; projected-expression pressure; high-Genesis-expression pressure,Self-contained mixed-role atomic group; suitable as a nucleus or flank when combined.
V063,Violet,V,4,1O+1B+2V,0,1,0,0,1,2,1,3,mixed melee/Transductionist; intrusion pressure; projected-expression pressure; high-Genesis-expression pressure,Self-contained mixed-role atomic group; suitable as a nucleus or flank when combined.
V064,Violet,V,4,1O+3V,0,1,0,0,0,3,1,3,mixed melee/Transductionist; intrusion pressure; high-Genesis-expression pressure,Self-contained mixed-role atomic group; suitable as a nucleus or flank when combined.
V065,Violet,V,4,3Y+1V,0,0,3,0,0,1,0,4,Transductionist-only; ranged-force pressure; high-Genesis-expression pressure,Transductionist-family atomic group; combine with melee groups when screening/frontline pressure is desired.
V066,Violet,V,4,2Y+1G+1V,0,0,2,1,0,1,1,3,mixed melee/Transductionist; persistent/juggernaut anchor; ranged-force pressure; high-Genesis-expression pressure,Self-contained mixed-role atomic group; suitable as a nucleus or flank when combined.
V067,Violet,V,4,2Y+1B+1V,0,0,2,0,1,1,0,4,Transductionist-only; ranged-force pressure; projected-expression pressure; high-Genesis-expression pressure,Transductionist-family atomic group; combine with melee groups when screening/frontline pressure is desired.
V068,Violet,V,4,2Y+2V,0,0,2,0,0,2,0,4,Transductionist-only; ranged-force pressure; high-Genesis-expression pressure,Transductionist-family atomic group; combine with melee groups when screening/frontline pressure is desired.
V069,Violet,V,4,1Y+2G+1V,0,0,1,2,0,1,2,2,mixed melee/Transductionist; persistent/juggernaut anchor; ranged-force pressure; high-Genesis-expression pressure,Self-contained mixed-role atomic group; suitable as a nucleus or flank when combined.
V070,Violet,V,4,1Y+1G+1B+1V,0,0,1,1,1,1,1,3,mixed melee/Transductionist; persistent/juggernaut anchor; ranged-force pressure; projected-expression pressure; high-Genesis-expression pressure,Self-contained mixed-role atomic group; suitable as a nucleus or flank when combined.
V071,Violet,V,4,1Y+1G+2V,0,0,1,1,0,2,1,3,mixed melee/Transductionist; persistent/juggernaut anchor; ranged-force pressure; high-Genesis-expression pressure,Self-contained mixed-role atomic group; suitable as a nucleus or flank when combined.
V072,Violet,V,4,1Y+2B+1V,0,0,1,0,2,1,0,4,Transductionist-only; ranged-force pressure; projected-expression pressure; high-Genesis-expression pressure,Transductionist-family atomic group; combine with melee groups when screening/frontline pressure is desired.
V073,Violet,V,4,1Y+1B+2V,0,0,1,0,1,2,0,4,Transductionist-only; ranged-force pressure; projected-expression pressure; high-Genesis-expression pressure,Transductionist-family atomic group; combine with melee groups when screening/frontline pressure is desired.
V074,Violet,V,4,1Y+3V,0,0,1,0,0,3,0,4,Transductionist-only; ranged-force pressure; high-Genesis-expression pressure,Transductionist-family atomic group; combine with melee groups when screening/frontline pressure is desired.
V075,Violet,V,4,3G+1V,0,0,0,3,0,1,3,1,mixed melee/Transductionist; persistent/juggernaut anchor; high-Genesis-expression pressure,Self-contained mixed-role atomic group; suitable as a nucleus or flank when combined.
V076,Violet,V,4,2G+1B+1V,0,0,0,2,1,1,2,2,mixed melee/Transductionist; persistent/juggernaut anchor; projected-expression pressure; high-Genesis-expression pressure,Self-contained mixed-role atomic group; suitable as a nucleus or flank when combined.
V077,Violet,V,4,2G+2V,0,0,0,2,0,2,2,2,mixed melee/Transductionist; persistent/juggernaut anchor; high-Genesis-expression pressure,Self-contained mixed-role atomic group; suitable as a nucleus or flank when combined.
V078,Violet,V,4,1G+2B+1V,0,0,0,1,2,1,1,3,mixed melee/Transductionist; persistent/juggernaut anchor; projected-expression pressure; high-Genesis-expression pressure,Self-contained mixed-role atomic group; suitable as a nucleus or flank when combined.
V079,Violet,V,4,1G+1B+2V,0,0,0,1,1,2,1,3,mixed melee/Transductionist; persistent/juggernaut anchor; projected-expression pressure; high-Genesis-expression pressure,Self-contained mixed-role atomic group; suitable as a nucleus or flank when combined.
V080,Violet,V,4,1G+3V,0,0,0,1,0,3,1,3,mixed melee/Transductionist; persistent/juggernaut anchor; high-Genesis-expression pressure,Self-contained mixed-role atomic group; suitable as a nucleus or flank when combined.
V081,Violet,V,4,3B+1V,0,0,0,0,3,1,0,4,Transductionist-only; projected-expression pressure; high-Genesis-expression pressure,Transductionist-family atomic group; combine with melee groups when screening/frontline pressure is desired.
V082,Violet,V,4,2B+2V,0,0,0,0,2,2,0,4,Transductionist-only; projected-expression pressure; high-Genesis-expression pressure,Transductionist-family atomic group; combine with melee groups when screening/frontline pressure is desired.
V083,Violet,V,4,1B+3V,0,0,0,0,1,3,0,4,Transductionist-only; projected-expression pressure; high-Genesis-expression pressure,Transductionist-family atomic group; combine with melee groups when screening/frontline pressure is desired.
V084,Violet,V,4,4V,0,0,0,0,0,4,0,4,Transductionist-only; high-Genesis-expression pressure,Transductionist-family atomic group; combine with melee groups when screening/frontline pressure is desired.
