requirement_id,requirement,intended_git_destination,integration_status,actual_git_destination,notes
C09-LEX-001,Normalize active canon to lowercase `eldris`; spelling-by-letter all-caps is transcription only.,THREAD_DEVELOPMENT_CONSTITUTION.md; live-model/00_GOVERNANCE.md; active summaries,PENDING,,
C09-LEX-002,Add `raeon` lowercase normalization and source authority.,THREAD_DEVELOPMENT_CONSTITUTION.md; live-model/00_GOVERNANCE.md,PENDING,,
C09-SRC-001,Record _bricked/_raeon/Mk-147 external reference authorities with MK157 conflict precedence.,live-model/00_GOVERNANCE.md; THREAD_DEVELOPMENT_CONSTITUTION.md,PENDING,,
C09-CRE-001,Integrate full Creator/Craftsman continuity handoff.,new live-model Creator/Craftsman domain file + index,PENDING,,
C09-CRE-002,Creation is primary Valnak route; combat protects / creation develops.,Creator domain; Valnak summary,PENDING,,
C09-CRE-003,Creator Trial progression REPRODUCE->REPAIR->CONSTRUCT->ADAPT->SOLVE->CREATE.,Creator domain,PENDING,,
C09-CRE-004,Craftsman's Row and 64 premium Blacksmiths' Row smithies.,Creator domain; map/location docs,PENDING,,
C09-CRE-005,Persistent purchased Creator shops; inheritance/transfer/death OPEN.,Creator domain; OPEN ledger,PENDING,,
C09-CRE-006,Conductor-of-matter blacksmithing; smithy terminology; clean master-shop aesthetic.,Creator domain,PENDING,,
C09-CRE-007,Kira mail/armorsmith identity and original Creation aspiration.,Creator domain; live-model/01_KIRA.md,PENDING,,
C09-CRE-008,Human originals vs Valnak reproductions; originals feed Auction.,Creator domain; economy/Auction docs,PENDING,,
C09-CRE-009,Rune carvers/civic sigils and field-stabilized city infrastructure; Architect distinct.,Creator domain/world infrastructure,PENDING,,
C09-CITY-001,Add serialized cartography rule and location registry.,live-model/visual/cartography docs,PENDING,,
C09-CITY-002,Add approved map marker 001 = `raeon` flagship.,visual-references + location registry,PENDING,,
C09-CITY-003,Record broad residential regions and multi-instance city interpretation.,city/Valnak domain,PENDING,,
C09-CITY-004,Add Valnak carriage local transit; Node macro hubs.,city/transport domain,PENDING,,
C09-BLK-001,"Blackstone direct inheritance: institution of knowledge, concept improvement, no Binding acquisition.",city/culture/Blackstone domain,PENDING,,
C09-RAE-001,Directly inherit `raeon` physical maege-glass implementation from MK-147 and mechanics from _raeon.,culture/raeon domain,PENDING,,
C09-RAE-002,Valnak-origin game; external authorized publisher maintains card culture between cycles.,culture/raeon domain,PENDING,,
C09-RAE-003,"Valnak Cycle-exclusive card set every ~23 years, sold for credits.",culture/raeon domain,PENDING,,
C09-RAE-004,Node `raeon` collection/deck module and flagship Builder.,culture/raeon domain; Valnak node,PENDING,,
C09-RAE-005,7 seasonal tournaments; weeks 5-7 bracket; week 7 final.,WORLD_CLOCK.md; raeon domain,PENDING,,
C09-HIL-001,Nightly voluntary highlight reel as daily social/decompression baseline.,WORLD_CLOCK.md; city culture,PENDING,,
C09-HIL-002,Kira/illi/Elara recurring Champion Table fixtures when attending.,city culture; story clock,PENDING,,
C09-CHP-001,Champion Tables = current Top 10 First-Cycle Solo standings.,city culture / standings,PENDING,,
C09-CHP-002,Kira never loses #1 and gains title Eternal Champion.,Kira; standings; story clock,PENDING,,
C09-AUC-001,Seven end-of-season Valnak Auctions; Shop vs Auction scarcity/provenance distinction.,WORLD_CLOCK.md; Creator economy,PENDING,,
C09-PRI-001,Prism domain scale/configuration and 3D Transductionist sport framing.,Prism domain / visual,PENDING,,
C09-PRI-002,"Track 37 Prism teams, win/loss standings, ~20 bubble, Top 16 playoffs.",WORLD_CLOCK.md; Prism tracker,PENDING,,
C09-PRI-003,Prism credits by validated contribution/team success; exact formula OPEN.,Prism domain; OPEN ledger,PENDING,,
C09-WC-001,Create World Clock as live authoring system with World/Kira/illi synchronized clocks.,new live-model WORLD_CLOCK.md,PENDING,,
C09-WC-002,"Recurring tracks: highlights, raeon, auctions, Prism; special events OPEN.",WORLD_CLOCK.md,PENDING,,
C09-STO-001,Lock Day Two Duo x2 -> lunch/flagship/city/fame/recruitment rhythm.,story clock / checkpoint,PENDING,,
C09-ILL-001,illi's royal optimized cohort and voluntary independence/ditch in favor of Kira.,illi/story domain,PENDING,,
C09-GRP-001,No taunt/aggro/threat; Guardian spatial-control doctrine.,combat domain,PENDING,,
C09-GRP-002,Common Guardian+helkir+3 flex meta but no enforced composition.,combat domain,PENDING,,
C09-ECO-001,Dungeon completion-weighted credits vs reliable Trial farming.,combat economy,PENDING,,
C09-DUN-001,Dungeon ranks terminate at Violet and cap cumulative eldris palette.,combat domain,PENDING,,
C09-DUN-002,Normal ~5 sq mi vs Hard ~7.5–8 sq mi working scale; size/density/composition distinction.,combat domain,PENDING,,
C09-DUN-003,Procedural realization rerolls map/layout each run.,combat domain,PENDING,,
C09-DUN-004,Nine dungeon domain archetypes.,combat domain; visual base map,PENDING,,
C09-DUN-005,Adaptive Dungeon Node allocation by cohort bell curve; first-cycle R/O/some Y early.,combat domain; Node docs,PENDING,,
C09-ELD-001,Direct inherit MK-147 eldris taxonomy R physical/O intrusion/Y ranged/G juggernaut/B projection/V high expression.,combat domain; source provenance,PENDING,,
C09-RAI-001,Raid cap 10; smaller groups legal.,combat domain,PENDING,,
C09-RAI-002,Standalone raids 6 bosses/season: mature R/O/Y/G/B/V; first-cycle R/R/O/O/Y/G.,combat domain,PENDING,,
C09-RAI-003,Expedition Raid six cumulative wings R->V with boss each wing.,combat domain,PENDING,,
C09-RAI-004,12 major raid reward opportunities/season; once per participant/boss/season; assists no duplicate payout.,combat economy,PENDING,,
C09-BLD-001,Early breadth-vs-depth build economics.,Valnak/Binding economy,PENDING,,
C09-BLD-002,Deeper Bindings use ranked prerequisite/recipe graphs; veterans optimize multi-cycle roadmaps.,Valnak/Binding economy,PENDING,,
C09-DOM-001,Direct inherit MK-147 outside domai canon and lowercase spelling.,combat/world domain; provenance,PENDING,,
C09-DOM-002,Valnak domai incursions are large-scale high-credit operations with contribution ledger and core-break bonus.,combat domain,PENDING,,
C09-DOM-003,Valnak domai core break terminates training incursion; outside core break causes progressive unraveling.,combat/world domain,PENDING,,
C09-MAP-001,Add clean Dungeon/Domai domain base map as immutable base; node-filled concept excluded.,visual-references/INDEX.md,PENDING,,
C09-SRC-002,Quarantine uploaded MK147 schedules and Open Blank 66 from direct story import.,provenance/source-boundary doc,PENDING,,
