id,source,decision,remote_baseline,preexisting_worktree,result,current_owners,qualifications
CORE_AND_RED-01,provenance/diplomatic-pouch-2026-10-08/package/red-orange-reconciliation/package/CORE_AND_RED.md,LOCK family: Maelor father; Naira mother; Caelen older brother; Vaedren older brother; Kira; Laina younger sister. Maelor/Caelen/Vaedren smithing side at 005; Naira not blacksmith.,Reviewed at d2e6a9e: earlier source names/overlays missing; prior calendars and rewards preserved as comparison evidence.,Pending October8 and repair details preserved; explicit later conflicts superseded only in scope.,PRESENT,live-model/01_KIRA.md | live-model/ILLI_PROGRESSION.md | live-model/STORY_CLOCK_STATE.md#october-8-cumulative--red-continuity | world-clock/RED_TO_ORANGE_COMBAT_CALENDAR.md | visual-references/CITY_LOCATION_REGISTRY.csv,"Family,Kaevren,bow,007/008 and dated boss identities preserved. R5D4 seasonal appointment removed; R7D6 seasonal10:00 knockout precedes existing Duo1950. Bonus and optional credits stay separate."
CORE_AND_RED-02,provenance/diplomatic-pouch-2026-10-08/package/red-orange-reconciliation/package/CORE_AND_RED.md,"LOCK rival: Kaevren, talented prepared landed-noble Solo rival/foil; house/surname OPEN.",Reviewed at d2e6a9e: earlier source names/overlays missing; prior calendars and rewards preserved as comparison evidence.,Pending October8 and repair details preserved; explicit later conflicts superseded only in scope.,PRESENT,live-model/01_KIRA.md | live-model/ILLI_PROGRESSION.md | live-model/STORY_CLOCK_STATE.md#october-8-cumulative--red-continuity | world-clock/RED_TO_ORANGE_COMBAT_CALENDAR.md | visual-references/CITY_LOCATION_REGISTRY.csv,"Family,Kaevren,bow,007/008 and dated boss identities preserved. R5D4 seasonal appointment removed; R7D6 seasonal10:00 knockout precedes existing Duo1950. Bonus and optional credits stay separate."
CORE_AND_RED-03,provenance/diplomatic-pouch-2026-10-08/package/red-orange-reconciliation/package/CORE_AND_RED.md,LOCK illi bow from entry: competent conventional bow; principal early offense while PC only Binding; competent not legendary.,Reviewed at d2e6a9e: earlier source names/overlays missing; prior calendars and rewards preserved as comparison evidence.,Pending October8 and repair details preserved; explicit later conflicts superseded only in scope.,PRESENT,live-model/01_KIRA.md | live-model/ILLI_PROGRESSION.md | live-model/STORY_CLOCK_STATE.md#october-8-cumulative--red-continuity | world-clock/RED_TO_ORANGE_COMBAT_CALENDAR.md | visual-references/CITY_LOCATION_REGISTRY.csv,"Family,Kaevren,bow,007/008 and dated boss identities preserved. R5D4 seasonal appointment removed; R7D6 seasonal10:00 knockout precedes existing Duo1950. Bonus and optional credits stay separate."
CORE_AND_RED-04,provenance/diplomatic-pouch-2026-10-08/package/red-orange-reconciliation/package/CORE_AND_RED.md,"R2D5 W2 = intentional bad run, NOT ceiling: tunnel vision healing/formation, missed flank, early death, abecca/raeon decompression.",Reviewed at d2e6a9e: earlier source names/overlays missing; prior calendars and rewards preserved as comparison evidence.,Pending October8 and repair details preserved; explicit later conflicts superseded only in scope.,PRESENT,live-model/01_KIRA.md | live-model/ILLI_PROGRESSION.md | live-model/STORY_CLOCK_STATE.md#october-8-cumulative--red-continuity | world-clock/RED_TO_ORANGE_COMBAT_CALENDAR.md | visual-references/CITY_LOCATION_REGISTRY.csv,"Family,Kaevren,bow,007/008 and dated boss identities preserved. R5D4 seasonal appointment removed; R7D6 seasonal10:00 knockout precedes existing Duo1950. Bonus and optional credits stay separate."
CORE_AND_RED-05,provenance/diplomatic-pouch-2026-10-08/package/red-orange-reconciliation/package/CORE_AND_RED.md,007 newest lock = bookstore northeast/right of 003. Preserve southern Opening Celebration venue but renumber next unused serial (prefer 008 after audit).,Reviewed at d2e6a9e: earlier source names/overlays missing; prior calendars and rewards preserved as comparison evidence.,Pending October8 and repair details preserved; explicit later conflicts superseded only in scope.,PRESENT,live-model/01_KIRA.md | live-model/ILLI_PROGRESSION.md | live-model/STORY_CLOCK_STATE.md#october-8-cumulative--red-continuity | world-clock/RED_TO_ORANGE_COMBAT_CALENDAR.md | visual-references/CITY_LOCATION_REGISTRY.csv,"Family,Kaevren,bow,007/008 and dated boss identities preserved. R5D4 seasonal appointment removed; R7D6 seasonal10:00 knockout precedes existing Duo1950. Bonus and optional credits stay separate."
CORE_AND_RED-06,provenance/diplomatic-pouch-2026-10-08/package/red-orange-reconciliation/package/CORE_AND_RED.md,Red:,Reviewed at d2e6a9e: earlier source names/overlays missing; prior calendars and rewards preserved as comparison evidence.,Pending October8 and repair details preserved; explicit later conflicts superseded only in scope.,PRESENT,live-model/01_KIRA.md | live-model/ILLI_PROGRESSION.md | live-model/STORY_CLOCK_STATE.md#october-8-cumulative--red-continuity | world-clock/RED_TO_ORANGE_COMBAT_CALENDAR.md | visual-references/CITY_LOCATION_REGISTRY.csv,"Family,Kaevren,bow,007/008 and dated boss identities preserved. R5D4 seasonal appointment removed; R7D6 seasonal10:00 knockout precedes existing Duo1950. Bonus and optional credits stay separate."
CORE_AND_RED-07,provenance/diplomatic-pouch-2026-10-08/package/red-orange-reconciliation/package/CORE_AND_RED.md,R3D2 Fire Dragon Red-A CLEAR then Shardfield Orange-B repeated FAIL/group dissolves. R3D3 tea party+006. R3D4 Kira W9 ~11:00-19:30. R3D5 Orange x2. R3D6 family. R3D7 Duo W8.,Reviewed at d2e6a9e: earlier source names/overlays missing; prior calendars and rewards preserved as comparison evidence.,Pending October8 and repair details preserved; explicit later conflicts superseded only in scope.,PRESENT,live-model/01_KIRA.md | live-model/ILLI_PROGRESSION.md | live-model/STORY_CLOCK_STATE.md#october-8-cumulative--red-continuity | world-clock/RED_TO_ORANGE_COMBAT_CALENDAR.md | visual-references/CITY_LOCATION_REGISTRY.csv,"Family,Kaevren,bow,007/008 and dated boss identities preserved. R5D4 seasonal appointment removed; R7D6 seasonal10:00 knockout precedes existing Duo1950. Bonus and optional credits stay separate."
CORE_AND_RED-08,provenance/diplomatic-pouch-2026-10-08/package/red-orange-reconciliation/package/CORE_AND_RED.md,"R4D1 illi Solo variable, old W3 not ceiling. R4D2 PC Yellow. R4D3 family shopping. R4D4 Orange x2. R4D5 BONUS Burrower Red-B CLEAR +2,500 each ACTUAL/DISCRETIONARY only; minimum purchase dates unchanged. R4D6 Kira W10/books. R4D7 Duo W9.",Reviewed at d2e6a9e: earlier source names/overlays missing; prior calendars and rewards preserved as comparison evidence.,Pending October8 and repair details preserved; explicit later conflicts superseded only in scope.,PRESENT,live-model/01_KIRA.md | live-model/ILLI_PROGRESSION.md | live-model/STORY_CLOCK_STATE.md#october-8-cumulative--red-continuity | world-clock/RED_TO_ORANGE_COMBAT_CALENDAR.md | visual-references/CITY_LOCATION_REGISTRY.csv,"Family,Kaevren,bow,007/008 and dated boss identities preserved. R5D4 seasonal appointment removed; R7D6 seasonal10:00 knockout precedes existing Duo1950. Bonus and optional credits stay separate."
CORE_AND_RED-09,provenance/diplomatic-pouch-2026-10-08/package/red-orange-reconciliation/package/CORE_AND_RED.md,R5D1-2 domai; R5D3 recovery. R5D4 OPEN: REMOVE seasonal raeon participation/elimination. R5D5 Orange x2. R5D6 social/family. R5D7 Duo W9; domai payout zero if eligibility expires.,Reviewed at d2e6a9e: earlier source names/overlays missing; prior calendars and rewards preserved as comparison evidence.,Pending October8 and repair details preserved; explicit later conflicts superseded only in scope.,PRESENT,live-model/01_KIRA.md | live-model/ILLI_PROGRESSION.md | live-model/STORY_CLOCK_STATE.md#october-8-cumulative--red-continuity | world-clock/RED_TO_ORANGE_COMBAT_CALENDAR.md | visual-references/CITY_LOCATION_REGISTRY.csv,"Family,Kaevren,bow,007/008 and dated boss identities preserved. R5D4 seasonal appointment removed; R7D6 seasonal10:00 knockout precedes existing Duo1950. Bonus and optional credits stay separate."
CORE_AND_RED-10,provenance/diplomatic-pouch-2026-10-08/package/red-orange-reconciliation/package/CORE_AND_RED.md,"R6D1 Orange x2 recurring leader. R6D2 beach/read. R6D3 Duo W10. R6D4 PC Green + bookstore 007; optional Solo reward OPEN. R6D5 Kira+Maelor+Caelen+Vaedren lunch. R6D6 Red repeat/no reward -> Coherence Twins 5/5 separation -> CLEAR +3,750. R6D7 leisure.",Reviewed at d2e6a9e: earlier source names/overlays missing; prior calendars and rewards preserved as comparison evidence.,Pending October8 and repair details preserved; explicit later conflicts superseded only in scope.,PRESENT,live-model/01_KIRA.md | live-model/ILLI_PROGRESSION.md | live-model/STORY_CLOCK_STATE.md#october-8-cumulative--red-continuity | world-clock/RED_TO_ORANGE_COMBAT_CALENDAR.md | visual-references/CITY_LOCATION_REGISTRY.csv,"Family,Kaevren,bow,007/008 and dated boss identities preserved. R5D4 seasonal appointment removed; R7D6 seasonal10:00 knockout precedes existing Duo1950. Bonus and optional credits stay separate."
CORE_AND_RED-11,provenance/diplomatic-pouch-2026-10-08/package/red-orange-reconciliation/package/CORE_AND_RED.md,R7D1 Orange x2. R7D2 social. R7D3 Duo W10 + 001 temporary deck playtest (no ownership). R7D4 Orange x2. R7D5 Ghost Base; optional illi Solos exact results/rewards OPEN.,Reviewed at d2e6a9e: earlier source names/overlays missing; prior calendars and rewards preserved as comparison evidence.,Pending October8 and repair details preserved; explicit later conflicts superseded only in scope.,PRESENT,live-model/01_KIRA.md | live-model/ILLI_PROGRESSION.md | live-model/STORY_CLOCK_STATE.md#october-8-cumulative--red-continuity | world-clock/RED_TO_ORANGE_COMBAT_CALENDAR.md | visual-references/CITY_LOCATION_REGISTRY.csv,"Family,Kaevren,bow,007/008 and dated boss identities preserved. R5D4 seasonal appointment removed; R7D6 seasonal10:00 knockout precedes existing Duo1950. Bonus and optional credits stay separate."
CORE_AND_RED-12,provenance/diplomatic-pouch-2026-10-08/package/red-orange-reconciliation/package/CORE_AND_RED.md,"R7D6 10:00 SEASONAL raeon entry -> EARLY KNOCKOUT -> later existing Duo W10 CLEAR. Preserve +1,950 and running balance.",Reviewed at d2e6a9e: earlier source names/overlays missing; prior calendars and rewards preserved as comparison evidence.,Pending October8 and repair details preserved; explicit later conflicts superseded only in scope.,PRESENT,live-model/01_KIRA.md | live-model/ILLI_PROGRESSION.md | live-model/STORY_CLOCK_STATE.md#october-8-cumulative--red-continuity | world-clock/RED_TO_ORANGE_COMBAT_CALENDAR.md | visual-references/CITY_LOCATION_REGISTRY.csv,"Family,Kaevren,bow,007/008 and dated boss identities preserved. R5D4 seasonal appointment removed; R7D6 seasonal10:00 knockout precedes existing Duo1950. Bonus and optional credits stay separate."
CORE_AND_RED-13,provenance/diplomatic-pouch-2026-10-08/package/red-orange-reconciliation/package/CORE_AND_RED.md,"R7D7 Orange x2 unchanged +2,040. Do not infer a global tournament template.",Reviewed at d2e6a9e: earlier source names/overlays missing; prior calendars and rewards preserved as comparison evidence.,Pending October8 and repair details preserved; explicit later conflicts superseded only in scope.,PRESENT,live-model/01_KIRA.md | live-model/ILLI_PROGRESSION.md | live-model/STORY_CLOCK_STATE.md#october-8-cumulative--red-continuity | world-clock/RED_TO_ORANGE_COMBAT_CALENDAR.md | visual-references/CITY_LOCATION_REGISTRY.csv,"Family,Kaevren,bow,007/008 and dated boss identities preserved. R5D4 seasonal appointment removed; R7D6 seasonal10:00 knockout precedes existing Duo1950. Bonus and optional credits stay separate."
ORANGE_W1_W4-01,provenance/diplomatic-pouch-2026-10-08/package/red-orange-reconciliation/package/ORANGE_W1_W4.md,O1D1 Duo W10 + Champion dinner/highlights.,Reviewed at d2e6a9e: earlier source names/overlays missing; prior calendars and rewards preserved as comparison evidence.,Pending October8 and repair details preserved; explicit later conflicts superseded only in scope.,PRESENT,live-model/STORY_CLOCK_STATE.md#october-8-cumulative--orange-weeks-one-through-seven | world-clock/RED_TO_ORANGE_COMBAT_CALENDAR.md | world-clock/ARC3_ORANGE_CALENDAR.md | live-model/ECONOMY_PURCHASE_SCHEDULE.md | world-clock/ILLI_AUTHOR_PROGRESSION_LEDGER.json | world-clock/ILLI_PROGRESSION_SKELETON.json,"PC/Legacy O1D3,Absorption O2D2 and CSR O2D3 explicitly govern. O4D2 is3750 Orange only; duplicate Red removed and downstream gross56385/81415. O2D3 optional W7/W8 credits explicitly OPEN. No later-arc purchase moved."
ORANGE_W1_W4-02,provenance/diplomatic-pouch-2026-10-08/package/red-orange-reconciliation/package/ORANGE_W1_W4.md,O1D2 Orange x2 recurring leader ~11:00 + abecca/meal.,Reviewed at d2e6a9e: earlier source names/overlays missing; prior calendars and rewards preserved as comparison evidence.,Pending October8 and repair details preserved; explicit later conflicts superseded only in scope.,PRESENT,live-model/STORY_CLOCK_STATE.md#october-8-cumulative--orange-weeks-one-through-seven | world-clock/RED_TO_ORANGE_COMBAT_CALENDAR.md | world-clock/ARC3_ORANGE_CALENDAR.md | live-model/ECONOMY_PURCHASE_SCHEDULE.md | world-clock/ILLI_AUTHOR_PROGRESSION_LEDGER.json | world-clock/ILLI_PROGRESSION_SKELETON.json,"PC/Legacy O1D3,Absorption O2D2 and CSR O2D3 explicitly govern. O4D2 is3750 Orange only; duplicate Red removed and downstream gross56385/81415. O2D3 optional W7/W8 credits explicitly OPEN. No later-arc purchase moved."
ORANGE_W1_W4-03,provenance/diplomatic-pouch-2026-10-08/package/red-orange-reconciliation/package/ORANGE_W1_W4.md,"O1D3 Duo W10 then IMMEDIATE PC Blue SAME DAY: 24,707+1,950=26,657; -25,705=952. Move PC Blue/White Legacy date O1D4->O1D3 everywhere.",Reviewed at d2e6a9e: earlier source names/overlays missing; prior calendars and rewards preserved as comparison evidence.,Pending October8 and repair details preserved; explicit later conflicts superseded only in scope.,PRESENT,live-model/STORY_CLOCK_STATE.md#october-8-cumulative--orange-weeks-one-through-seven | world-clock/RED_TO_ORANGE_COMBAT_CALENDAR.md | world-clock/ARC3_ORANGE_CALENDAR.md | live-model/ECONOMY_PURCHASE_SCHEDULE.md | world-clock/ILLI_AUTHOR_PROGRESSION_LEDGER.json | world-clock/ILLI_PROGRESSION_SKELETON.json,"PC/Legacy O1D3,Absorption O2D2 and CSR O2D3 explicitly govern. O4D2 is3750 Orange only; duplicate Red removed and downstream gross56385/81415. O2D3 optional W7/W8 credits explicitly OPEN. No later-arc purchase moved."
ORANGE_W1_W4-04,provenance/diplomatic-pouch-2026-10-08/package/red-orange-reconciliation/package/ORANGE_W1_W4.md,O1D4 no required purchase/combat; White-Legacy recognition/royal aftermath.,Reviewed at d2e6a9e: earlier source names/overlays missing; prior calendars and rewards preserved as comparison evidence.,Pending October8 and repair details preserved; explicit later conflicts superseded only in scope.,PRESENT,live-model/STORY_CLOCK_STATE.md#october-8-cumulative--orange-weeks-one-through-seven | world-clock/RED_TO_ORANGE_COMBAT_CALENDAR.md | world-clock/ARC3_ORANGE_CALENDAR.md | live-model/ECONOMY_PURCHASE_SCHEDULE.md | world-clock/ILLI_AUTHOR_PROGRESSION_LEDGER.json | world-clock/ILLI_PROGRESSION_SKELETON.json,"PC/Legacy O1D3,Absorption O2D2 and CSR O2D3 explicitly govern. O4D2 is3750 Orange only; duplicate Red removed and downstream gross56385/81415. O2D3 optional W7/W8 credits explicitly OPEN. No later-arc purchase moved."
ORANGE_W1_W4-05,provenance/diplomatic-pouch-2026-10-08/package/red-orange-reconciliation/package/ORANGE_W1_W4.md,O1D5 girls day Elara+Kira+illi+Naira+Laina.,Reviewed at d2e6a9e: earlier source names/overlays missing; prior calendars and rewards preserved as comparison evidence.,Pending October8 and repair details preserved; explicit later conflicts superseded only in scope.,PRESENT,live-model/STORY_CLOCK_STATE.md#october-8-cumulative--orange-weeks-one-through-seven | world-clock/RED_TO_ORANGE_COMBAT_CALENDAR.md | world-clock/ARC3_ORANGE_CALENDAR.md | live-model/ECONOMY_PURCHASE_SCHEDULE.md | world-clock/ILLI_AUTHOR_PROGRESSION_LEDGER.json | world-clock/ILLI_PROGRESSION_SKELETON.json,"PC/Legacy O1D3,Absorption O2D2 and CSR O2D3 explicitly govern. O4D2 is3750 Orange only; duplicate Red removed and downstream gross56385/81415. O2D3 optional W7/W8 credits explicitly OPEN. No later-arc purchase moved."
ORANGE_W1_W4-06,provenance/diplomatic-pouch-2026-10-08/package/red-orange-reconciliation/package/ORANGE_W1_W4.md,"O1D6: Sixfold CLEAR; Triumvirate CLEAR; Black Orchard repeated FAIL; Weaver/Wayfarer/Bloom NOT ATTEMPTED. Two Red first-clears=5,000 each actual total. Minimum scaffold books one +2,500; second +2,500 actual/discretionary. ZERO Orange reward.",Reviewed at d2e6a9e: earlier source names/overlays missing; prior calendars and rewards preserved as comparison evidence.,Pending October8 and repair details preserved; explicit later conflicts superseded only in scope.,PRESENT,live-model/STORY_CLOCK_STATE.md#october-8-cumulative--orange-weeks-one-through-seven | world-clock/RED_TO_ORANGE_COMBAT_CALENDAR.md | world-clock/ARC3_ORANGE_CALENDAR.md | live-model/ECONOMY_PURCHASE_SCHEDULE.md | world-clock/ILLI_AUTHOR_PROGRESSION_LEDGER.json | world-clock/ILLI_PROGRESSION_SKELETON.json,"PC/Legacy O1D3,Absorption O2D2 and CSR O2D3 explicitly govern. O4D2 is3750 Orange only; duplicate Red removed and downstream gross56385/81415. O2D3 optional W7/W8 credits explicitly OPEN. No later-arc purchase moved."
ORANGE_W1_W4-07,provenance/diplomatic-pouch-2026-10-08/package/red-orange-reconciliation/package/ORANGE_W1_W4.md,O1D7 Duo W10; Builder/books/dinner.,Reviewed at d2e6a9e: earlier source names/overlays missing; prior calendars and rewards preserved as comparison evidence.,Pending October8 and repair details preserved; explicit later conflicts superseded only in scope.,PRESENT,live-model/STORY_CLOCK_STATE.md#october-8-cumulative--orange-weeks-one-through-seven | world-clock/RED_TO_ORANGE_COMBAT_CALENDAR.md | world-clock/ARC3_ORANGE_CALENDAR.md | live-model/ECONOMY_PURCHASE_SCHEDULE.md | world-clock/ILLI_AUTHOR_PROGRESSION_LEDGER.json | world-clock/ILLI_PROGRESSION_SKELETON.json,"PC/Legacy O1D3,Absorption O2D2 and CSR O2D3 explicitly govern. O4D2 is3750 Orange only; duplicate Red removed and downstream gross56385/81415. O2D3 optional W7/W8 credits explicitly OPEN. No later-arc purchase moved."
ORANGE_W1_W4-08,provenance/diplomatic-pouch-2026-10-08/package/red-orange-reconciliation/package/ORANGE_W1_W4.md,O2D1 Orange x2.,Reviewed at d2e6a9e: earlier source names/overlays missing; prior calendars and rewards preserved as comparison evidence.,Pending October8 and repair details preserved; explicit later conflicts superseded only in scope.,PRESENT,live-model/STORY_CLOCK_STATE.md#october-8-cumulative--orange-weeks-one-through-seven | world-clock/RED_TO_ORANGE_COMBAT_CALENDAR.md | world-clock/ARC3_ORANGE_CALENDAR.md | live-model/ECONOMY_PURCHASE_SCHEDULE.md | world-clock/ILLI_AUTHOR_PROGRESSION_LEDGER.json | world-clock/ILLI_PROGRESSION_SKELETON.json,"PC/Legacy O1D3,Absorption O2D2 and CSR O2D3 explicitly govern. O4D2 is3750 Orange only; duplicate Red removed and downstream gross56385/81415. O2D3 optional W7/W8 credits explicitly OPEN. No later-arc purchase moved."
ORANGE_W1_W4-09,provenance/diplomatic-pouch-2026-10-08/package/red-orange-reconciliation/package/ORANGE_W1_W4.md,"O2D2 Duo W10 then IMMEDIATE Absorption Red SAME DAY: 7,442+1,950=9,392; -9,350=42. Move purchase O2D3->O2D2. Major White-Legacy celebration.",Reviewed at d2e6a9e: earlier source names/overlays missing; prior calendars and rewards preserved as comparison evidence.,Pending October8 and repair details preserved; explicit later conflicts superseded only in scope.,PRESENT,live-model/STORY_CLOCK_STATE.md#october-8-cumulative--orange-weeks-one-through-seven | world-clock/RED_TO_ORANGE_COMBAT_CALENDAR.md | world-clock/ARC3_ORANGE_CALENDAR.md | live-model/ECONOMY_PURCHASE_SCHEDULE.md | world-clock/ILLI_AUTHOR_PROGRESSION_LEDGER.json | world-clock/ILLI_PROGRESSION_SKELETON.json,"PC/Legacy O1D3,Absorption O2D2 and CSR O2D3 explicitly govern. O4D2 is3750 Orange only; duplicate Red removed and downstream gross56385/81415. O2D3 optional W7/W8 credits explicitly OPEN. No later-arc purchase moved."
ORANGE_W1_W4-10,provenance/diplomatic-pouch-2026-10-08/package/red-orange-reconciliation/package/ORANGE_W1_W4.md,"O2D3 early illi Solo W7 CLEAR/W8 FAIL; exact optional credits OPEN. Later Kira purchases CSR 61,017 — exact date LOCKED. Family-smithy/social valid.",Reviewed at d2e6a9e: earlier source names/overlays missing; prior calendars and rewards preserved as comparison evidence.,Pending October8 and repair details preserved; explicit later conflicts superseded only in scope.,PRESENT,live-model/STORY_CLOCK_STATE.md#october-8-cumulative--orange-weeks-one-through-seven | world-clock/RED_TO_ORANGE_COMBAT_CALENDAR.md | world-clock/ARC3_ORANGE_CALENDAR.md | live-model/ECONOMY_PURCHASE_SCHEDULE.md | world-clock/ILLI_AUTHOR_PROGRESSION_LEDGER.json | world-clock/ILLI_PROGRESSION_SKELETON.json,"PC/Legacy O1D3,Absorption O2D2 and CSR O2D3 explicitly govern. O4D2 is3750 Orange only; duplicate Red removed and downstream gross56385/81415. O2D3 optional W7/W8 credits explicitly OPEN. No later-arc purchase moved."
ORANGE_W1_W4-11,provenance/diplomatic-pouch-2026-10-08/package/red-orange-reconciliation/package/ORANGE_W1_W4.md,O2D4 Duo W13. O2D5 failed Black Orchard raid may occupy daytime/no reward; Kira late Solo W13 remains. O2D6 Orange x2. O2D7 social/daily raeon optional.,Reviewed at d2e6a9e: earlier source names/overlays missing; prior calendars and rewards preserved as comparison evidence.,Pending October8 and repair details preserved; explicit later conflicts superseded only in scope.,PRESENT,live-model/STORY_CLOCK_STATE.md#october-8-cumulative--orange-weeks-one-through-seven | world-clock/RED_TO_ORANGE_COMBAT_CALENDAR.md | world-clock/ARC3_ORANGE_CALENDAR.md | live-model/ECONOMY_PURCHASE_SCHEDULE.md | world-clock/ILLI_AUTHOR_PROGRESSION_LEDGER.json | world-clock/ILLI_PROGRESSION_SKELETON.json,"PC/Legacy O1D3,Absorption O2D2 and CSR O2D3 explicitly govern. O4D2 is3750 Orange only; duplicate Red removed and downstream gross56385/81415. O2D3 optional W7/W8 credits explicitly OPEN. No later-arc purchase moved."
ORANGE_W1_W4-12,provenance/diplomatic-pouch-2026-10-08/package/red-orange-reconciliation/package/ORANGE_W1_W4.md,O3D1 Duo W14 -> abecca; Kaevren encounter; Builder/books/highlights.,Reviewed at d2e6a9e: earlier source names/overlays missing; prior calendars and rewards preserved as comparison evidence.,Pending October8 and repair details preserved; explicit later conflicts superseded only in scope.,PRESENT,live-model/STORY_CLOCK_STATE.md#october-8-cumulative--orange-weeks-one-through-seven | world-clock/RED_TO_ORANGE_COMBAT_CALENDAR.md | world-clock/ARC3_ORANGE_CALENDAR.md | live-model/ECONOMY_PURCHASE_SCHEDULE.md | world-clock/ILLI_AUTHOR_PROGRESSION_LEDGER.json | world-clock/ILLI_PROGRESSION_SKELETON.json,"PC/Legacy O1D3,Absorption O2D2 and CSR O2D3 explicitly govern. O4D2 is3750 Orange only; duplicate Red removed and downstream gross56385/81415. O2D3 optional W7/W8 credits explicitly OPEN. No later-arc purchase moved."
ORANGE_W1_W4-13,provenance/diplomatic-pouch-2026-10-08/package/red-orange-reconciliation/package/ORANGE_W1_W4.md,O3D2 girls day Kira+illi+Naira+Elara.,Reviewed at d2e6a9e: earlier source names/overlays missing; prior calendars and rewards preserved as comparison evidence.,Pending October8 and repair details preserved; explicit later conflicts superseded only in scope.,PRESENT,live-model/STORY_CLOCK_STATE.md#october-8-cumulative--orange-weeks-one-through-seven | world-clock/RED_TO_ORANGE_COMBAT_CALENDAR.md | world-clock/ARC3_ORANGE_CALENDAR.md | live-model/ECONOMY_PURCHASE_SCHEDULE.md | world-clock/ILLI_AUTHOR_PROGRESSION_LEDGER.json | world-clock/ILLI_PROGRESSION_SKELETON.json,"PC/Legacy O1D3,Absorption O2D2 and CSR O2D3 explicitly govern. O4D2 is3750 Orange only; duplicate Red removed and downstream gross56385/81415. O2D3 optional W7/W8 credits explicitly OPEN. No later-arc purchase moved."
ORANGE_W1_W4-14,provenance/diplomatic-pouch-2026-10-08/package/red-orange-reconciliation/package/ORANGE_W1_W4.md,"O3D3 Yellow Dungeon ~4 attempts, all FAIL; group fizzles.",Reviewed at d2e6a9e: earlier source names/overlays missing; prior calendars and rewards preserved as comparison evidence.,Pending October8 and repair details preserved; explicit later conflicts superseded only in scope.,PRESENT,live-model/STORY_CLOCK_STATE.md#october-8-cumulative--orange-weeks-one-through-seven | world-clock/RED_TO_ORANGE_COMBAT_CALENDAR.md | world-clock/ARC3_ORANGE_CALENDAR.md | live-model/ECONOMY_PURCHASE_SCHEDULE.md | world-clock/ILLI_AUTHOR_PROGRESSION_LEDGER.json | world-clock/ILLI_PROGRESSION_SKELETON.json,"PC/Legacy O1D3,Absorption O2D2 and CSR O2D3 explicitly govern. O4D2 is3750 Orange only; duplicate Red removed and downstream gross56385/81415. O2D3 optional W7/W8 credits explicitly OPEN. No later-arc purchase moved."
ORANGE_W1_W4-15,provenance/diplomatic-pouch-2026-10-08/package/red-orange-reconciliation/package/ORANGE_W1_W4.md,"O3D4 illi Solo frontier/no new validated milestone AND Kira leisure then late-night Solo W14 CLEAR; preserve +3,855.",Reviewed at d2e6a9e: earlier source names/overlays missing; prior calendars and rewards preserved as comparison evidence.,Pending October8 and repair details preserved; explicit later conflicts superseded only in scope.,PRESENT,live-model/STORY_CLOCK_STATE.md#october-8-cumulative--orange-weeks-one-through-seven | world-clock/RED_TO_ORANGE_COMBAT_CALENDAR.md | world-clock/ARC3_ORANGE_CALENDAR.md | live-model/ECONOMY_PURCHASE_SCHEDULE.md | world-clock/ILLI_AUTHOR_PROGRESSION_LEDGER.json | world-clock/ILLI_PROGRESSION_SKELETON.json,"PC/Legacy O1D3,Absorption O2D2 and CSR O2D3 explicitly govern. O4D2 is3750 Orange only; duplicate Red removed and downstream gross56385/81415. O2D3 optional W7/W8 credits explicitly OPEN. No later-arc purchase moved."
ORANGE_W1_W4-16,provenance/diplomatic-pouch-2026-10-08/package/red-orange-reconciliation/package/ORANGE_W1_W4.md,O3D5 one Orange CLEAR; PUG bickering/disband. O3D6 royal-estate family day. O3D7 Duo W14 + card shops/social.,Reviewed at d2e6a9e: earlier source names/overlays missing; prior calendars and rewards preserved as comparison evidence.,Pending October8 and repair details preserved; explicit later conflicts superseded only in scope.,PRESENT,live-model/STORY_CLOCK_STATE.md#october-8-cumulative--orange-weeks-one-through-seven | world-clock/RED_TO_ORANGE_COMBAT_CALENDAR.md | world-clock/ARC3_ORANGE_CALENDAR.md | live-model/ECONOMY_PURCHASE_SCHEDULE.md | world-clock/ILLI_AUTHOR_PROGRESSION_LEDGER.json | world-clock/ILLI_PROGRESSION_SKELETON.json,"PC/Legacy O1D3,Absorption O2D2 and CSR O2D3 explicitly govern. O4D2 is3750 Orange only; duplicate Red removed and downstream gross56385/81415. O2D3 optional W7/W8 credits explicitly OPEN. No later-arc purchase moved."
ORANGE_W1_W4-17,provenance/diplomatic-pouch-2026-10-08/package/red-orange-reconciliation/package/ORANGE_W1_W4.md,O4D1 Kira late Solo W14 CLEAR.,Reviewed at d2e6a9e: earlier source names/overlays missing; prior calendars and rewards preserved as comparison evidence.,Pending October8 and repair details preserved; explicit later conflicts superseded only in scope.,PRESENT,live-model/STORY_CLOCK_STATE.md#october-8-cumulative--orange-weeks-one-through-seven | world-clock/RED_TO_ORANGE_COMBAT_CALENDAR.md | world-clock/ARC3_ORANGE_CALENDAR.md | live-model/ECONOMY_PURCHASE_SCHEDULE.md | world-clock/ILLI_AUTHOR_PROGRESSION_LEDGER.json | world-clock/ILLI_PROGRESSION_SKELETON.json,"PC/Legacy O1D3,Absorption O2D2 and CSR O2D3 explicitly govern. O4D2 is3750 Orange only; duplicate Red removed and downstream gross56385/81415. O2D3 optional W7/W8 credits explicitly OPEN. No later-arc purchase moved."
ORANGE_W1_W4-18,provenance/diplomatic-pouch-2026-10-08/package/red-orange-reconciliation/package/ORANGE_W1_W4.md,"O4D2 group may repeat Red but Kira/illi already claimed both Orange-season Reds O1D6: NO Red reward. Black Orchard Orange-A eventual CLEAR. Reward = +3,750 each ONLY, not +6,250. Reconcile ARC3 row/downstream economy. The other +2,500 was earned earlier at O1D6 as actual/discretionary; no third Red.",Reviewed at d2e6a9e: earlier source names/overlays missing; prior calendars and rewards preserved as comparison evidence.,Pending October8 and repair details preserved; explicit later conflicts superseded only in scope.,PRESENT,live-model/STORY_CLOCK_STATE.md#october-8-cumulative--orange-weeks-one-through-seven | world-clock/RED_TO_ORANGE_COMBAT_CALENDAR.md | world-clock/ARC3_ORANGE_CALENDAR.md | live-model/ECONOMY_PURCHASE_SCHEDULE.md | world-clock/ILLI_AUTHOR_PROGRESSION_LEDGER.json | world-clock/ILLI_PROGRESSION_SKELETON.json,"PC/Legacy O1D3,Absorption O2D2 and CSR O2D3 explicitly govern. O4D2 is3750 Orange only; duplicate Red removed and downstream gross56385/81415. O2D3 optional W7/W8 credits explicitly OPEN. No later-arc purchase moved."
ORANGE_W1_W4-19,provenance/diplomatic-pouch-2026-10-08/package/red-orange-reconciliation/package/ORANGE_W1_W4.md,O4D3 family girls day. O4D4 Duo W15. O4D5 recovery/Builder. O4D6 Orange x2 recurring leader.,Reviewed at d2e6a9e: earlier source names/overlays missing; prior calendars and rewards preserved as comparison evidence.,Pending October8 and repair details preserved; explicit later conflicts superseded only in scope.,PRESENT,live-model/STORY_CLOCK_STATE.md#october-8-cumulative--orange-weeks-one-through-seven | world-clock/RED_TO_ORANGE_COMBAT_CALENDAR.md | world-clock/ARC3_ORANGE_CALENDAR.md | live-model/ECONOMY_PURCHASE_SCHEDULE.md | world-clock/ILLI_AUTHOR_PROGRESSION_LEDGER.json | world-clock/ILLI_PROGRESSION_SKELETON.json,"PC/Legacy O1D3,Absorption O2D2 and CSR O2D3 explicitly govern. O4D2 is3750 Orange only; duplicate Red removed and downstream gross56385/81415. O2D3 optional W7/W8 credits explicitly OPEN. No later-arc purchase moved."
ORANGE_W1_W4-20,provenance/diplomatic-pouch-2026-10-08/package/red-orange-reconciliation/package/ORANGE_W1_W4.md,"O4D7 006 formalwear -> private noble gala; illi expected, Kira guest, Kaevren present.",Reviewed at d2e6a9e: earlier source names/overlays missing; prior calendars and rewards preserved as comparison evidence.,Pending October8 and repair details preserved; explicit later conflicts superseded only in scope.,PRESENT,live-model/STORY_CLOCK_STATE.md#october-8-cumulative--orange-weeks-one-through-seven | world-clock/RED_TO_ORANGE_COMBAT_CALENDAR.md | world-clock/ARC3_ORANGE_CALENDAR.md | live-model/ECONOMY_PURCHASE_SCHEDULE.md | world-clock/ILLI_AUTHOR_PROGRESSION_LEDGER.json | world-clock/ILLI_PROGRESSION_SKELETON.json,"PC/Legacy O1D3,Absorption O2D2 and CSR O2D3 explicitly govern. O4D2 is3750 Orange only; duplicate Red removed and downstream gross56385/81415. O2D3 optional W7/W8 credits explicitly OPEN. No later-arc purchase moved."
ORANGE_W5_W7-01,provenance/diplomatic-pouch-2026-10-08/package/red-orange-reconciliation/package/ORANGE_W5_W7.md,"O5D1 OPEN; remove seasonal qualification. O5D2 Duo W15. O5D3 morning open, smithy visit, late Kira Solo W15. O5D4 Yellow Dungeon FAIL. O5D5 residence recovery. O5D6 OPEN; remove seasonal elimination. O5D7 OPEN.",Reviewed at d2e6a9e: earlier source names/overlays missing; prior calendars and rewards preserved as comparison evidence.,Pending October8 and repair details preserved; explicit later conflicts superseded only in scope.,PRESENT,live-model/STORY_CLOCK_STATE.md#october-8-cumulative--orange-weeks-one-through-seven | world-clock/ARC3_ORANGE_CALENDAR.md | live-model/RAEON.md | live-model/WORLD_CLOCK.md,Every supplied daily direction retained. O5D1/O5D6 OPEN; O7D5 recovery/no championship; O7D6 seasonal10:00 knockout before same-day W17/5805. O7D7 1020 unchanged; daily circuit and later-season schedules separate.
ORANGE_W5_W7-02,provenance/diplomatic-pouch-2026-10-08/package/red-orange-reconciliation/package/ORANGE_W5_W7.md,"O6D1 Duo W16 ~10-11 start -> abecca -> 002 -> 001 casual raeon. O6D2 weekly girls/social. O6D3 one Orange CLEAR filling vacancy in existing group; group fizzles; lunch; illi reads/Kira Builder. O6D4 royal-estate breakfast/social; late Kira Solo W15. O6D5 first Hard Raid using HARD_RAID_DOCTRINE. O6D6 OPEN; DAILY 10:00 raeon optional/working, not seasonal. O6D7 Duo W16 unchanged; smithy/highlights.",Reviewed at d2e6a9e: earlier source names/overlays missing; prior calendars and rewards preserved as comparison evidence.,Pending October8 and repair details preserved; explicit later conflicts superseded only in scope.,PRESENT,live-model/STORY_CLOCK_STATE.md#october-8-cumulative--orange-weeks-one-through-seven | world-clock/ARC3_ORANGE_CALENDAR.md | live-model/RAEON.md | live-model/WORLD_CLOCK.md,Every supplied daily direction retained. O5D1/O5D6 OPEN; O7D5 recovery/no championship; O7D6 seasonal10:00 knockout before same-day W17/5805. O7D7 1020 unchanged; daily circuit and later-season schedules separate.
ORANGE_W5_W7-03,provenance/diplomatic-pouch-2026-10-08/package/red-orange-reconciliation/package/ORANGE_W5_W7.md,"O7D1 Duo W17 -> abecca/debrief/highlights. O7D2 illi independent; Kira smithy lunch with Caelen+Vaedren (Maelor optional), Builder, late Solo W16.",Reviewed at d2e6a9e: earlier source names/overlays missing; prior calendars and rewards preserved as comparison evidence.,Pending October8 and repair details preserved; explicit later conflicts superseded only in scope.,PRESENT,live-model/STORY_CLOCK_STATE.md#october-8-cumulative--orange-weeks-one-through-seven | world-clock/ARC3_ORANGE_CALENDAR.md | live-model/RAEON.md | live-model/WORLD_CLOCK.md,Every supplied daily direction retained. O5D1/O5D6 OPEN; O7D5 recovery/no championship; O7D6 seasonal10:00 knockout before same-day W17/5805. O7D7 1020 unchanged; daily circuit and later-season schedules separate.
ORANGE_W5_W7-04,provenance/diplomatic-pouch-2026-10-08/package/red-orange-reconciliation/package/ORANGE_W5_W7.md,O7D3 domai day1; O7D4 domai day2/exit. O7D5 mandatory post-domai recovery / otherwise OPEN; REMOVE championship viewing.,Reviewed at d2e6a9e: earlier source names/overlays missing; prior calendars and rewards preserved as comparison evidence.,Pending October8 and repair details preserved; explicit later conflicts superseded only in scope.,PRESENT,live-model/STORY_CLOCK_STATE.md#october-8-cumulative--orange-weeks-one-through-seven | world-clock/ARC3_ORANGE_CALENDAR.md | live-model/RAEON.md | live-model/WORLD_CLOCK.md,Every supplied daily direction retained. O5D1/O5D6 OPEN; O7D5 recovery/no championship; O7D6 seasonal10:00 knockout before same-day W17/5805. O7D7 1020 unchanged; daily circuit and later-season schedules separate.
ORANGE_W5_W7-05,provenance/diplomatic-pouch-2026-10-08/package/red-orange-reconciliation/package/ORANGE_W5_W7.md,"O7D6 10:00 SEASONAL raeon entry -> EARLY KNOCKOUT -> later Duo W17 CLEAR. Preserve +5,805. O7D7 Orange Dungeon x1 unchanged +1,020.",Reviewed at d2e6a9e: earlier source names/overlays missing; prior calendars and rewards preserved as comparison evidence.,Pending October8 and repair details preserved; explicit later conflicts superseded only in scope.,PRESENT,live-model/STORY_CLOCK_STATE.md#october-8-cumulative--orange-weeks-one-through-seven | world-clock/ARC3_ORANGE_CALENDAR.md | live-model/RAEON.md | live-model/WORLD_CLOCK.md,Every supplied daily direction retained. O5D1/O5D6 OPEN; O7D5 recovery/no championship; O7D6 seasonal10:00 knockout before same-day W17/5805. O7D7 1020 unchanged; daily circuit and later-season schedules separate.
ORANGE_W5_W7-06,provenance/diplomatic-pouch-2026-10-08/package/red-orange-reconciliation/package/ORANGE_W5_W7.md,Do NOT infer global tournament cadence.,Reviewed at d2e6a9e: earlier source names/overlays missing; prior calendars and rewards preserved as comparison evidence.,Pending October8 and repair details preserved; explicit later conflicts superseded only in scope.,PRESENT,live-model/STORY_CLOCK_STATE.md#october-8-cumulative--orange-weeks-one-through-seven | world-clock/ARC3_ORANGE_CALENDAR.md | live-model/RAEON.md | live-model/WORLD_CLOCK.md,Every supplied daily direction retained. O5D1/O5D6 OPEN; O7D5 recovery/no championship; O7D6 seasonal10:00 knockout before same-day W17/5805. O7D7 1020 unchanged; daily circuit and later-season schedules separate.
ORANGE_NORMAL_RAID_ROSTER-01,provenance/diplomatic-pouch-2026-10-08/package/red-orange-reconciliation/package/ORANGE_NORMAL_RAID_ROSTER.md,Same six seasonal Valnak constructs:,Reviewed at d2e6a9e: earlier source names/overlays missing; prior calendars and rewards preserved as comparison evidence.,Pending October8 and repair details preserved; explicit later conflicts superseded only in scope.,PRESENT,live-model/04_COMBAT_WORLD.md#october-8--orange-season-normal-raid-roster | canon/COMBAT.md,Explicit author correction retained in current owners; compatible older details accumulate; original source/qualification preserved.
ORANGE_NORMAL_RAID_ROSTER-02,provenance/diplomatic-pouch-2026-10-08/package/red-orange-reconciliation/package/ORANGE_NORMAL_RAID_ROSTER.md,Red A SIXFOLD: 6=2 legs+4 arms; 5=2 legs+2 arms+tail; 4=quadruped; 3=2 legs+1 massive arm; 2=2 legs compact; 1=limbless rolling/slamming mass; zero coherence fails. Attrition.,Reviewed at d2e6a9e: earlier source names/overlays missing; prior calendars and rewards preserved as comparison evidence.,Pending October8 and repair details preserved; explicit later conflicts superseded only in scope.,PRESENT,live-model/04_COMBAT_WORLD.md#october-8--orange-season-normal-raid-roster | canon/COMBAT.md,Explicit author correction retained in current owners; compatible older details accumulate; original source/qualification preserved.
ORANGE_NORMAL_RAID_ROSTER-03,provenance/diplomatic-pouch-2026-10-08/package/red-orange-reconciliation/package/ORANGE_NORMAL_RAID_ROSTER.md,"Red B TRIUMVIRATE: ~13–17ft Keeper healer (PC+Directed), Bastion Guardian/interception (NO threat stat), Lance ranged Beam/explosive Genesis orb. Separate Keeper; occupy Bastion; kill Lance; Bastion; Keeper.",Reviewed at d2e6a9e: earlier source names/overlays missing; prior calendars and rewards preserved as comparison evidence.,Pending October8 and repair details preserved; explicit later conflicts superseded only in scope.,PRESENT,live-model/04_COMBAT_WORLD.md#october-8--orange-season-normal-raid-roster | canon/COMBAT.md,Explicit author correction retained in current owners; compatible older details accumulate; original source/qualification preserved.
ORANGE_NORMAL_RAID_ROSTER-04,provenance/diplomatic-pouch-2026-10-08/package/red-orange-reconciliation/package/ORANGE_NORMAL_RAID_ROSTER.md,"Orange A BLACK ORCHARD: giant black Genesis tree/root environment; vines/tendrils; escalating broad Decoherence/Genesis pulses; PC sustained stabilization, Directed acute rescue. O1D6 fail; O4D2 clear.",Reviewed at d2e6a9e: earlier source names/overlays missing; prior calendars and rewards preserved as comparison evidence.,Pending October8 and repair details preserved; explicit later conflicts superseded only in scope.,PRESENT,live-model/04_COMBAT_WORLD.md#october-8--orange-season-normal-raid-roster | canon/COMBAT.md,Explicit author correction retained in current owners; compatible older details accumulate; original source/qualification preserved.
ORANGE_NORMAL_RAID_ROSTER-05,provenance/diplomatic-pouch-2026-10-08/package/red-orange-reconciliation/package/ORANGE_NORMAL_RAID_ROSTER.md,Orange B WEAVER: durable 8-legged metal-appearing construct; exact alloy OPEN. Phase1 jumps/weaves/pin-impale; disable ANY four legs. At four remaining jumping unavailable. Phase2 grounded pursuit/charges/pin + chassis Genesis Beam; dismantle.,Reviewed at d2e6a9e: earlier source names/overlays missing; prior calendars and rewards preserved as comparison evidence.,Pending October8 and repair details preserved; explicit later conflicts superseded only in scope.,PRESENT,live-model/04_COMBAT_WORLD.md#october-8--orange-season-normal-raid-roster | canon/COMBAT.md,Explicit author correction retained in current owners; compatible older details accumulate; original source/qualification preserved.
ORANGE_NORMAL_RAID_ROSTER-06,provenance/diplomatic-pouch-2026-10-08/package/red-orange-reconciliation/package/ORANGE_NORMAL_RAID_ROSTER.md,"Yellow WAYFARER: ~13ft biped, paired spatial gates preserve continuity/momentum. Redirect attacks BEFORE impact; real friendly-fire risk; readable gate formation; participants may exploit gates. No retroactive reflection.",Reviewed at d2e6a9e: earlier source names/overlays missing; prior calendars and rewards preserved as comparison evidence.,Pending October8 and repair details preserved; explicit later conflicts superseded only in scope.,PRESENT,live-model/04_COMBAT_WORLD.md#october-8--orange-season-normal-raid-roster | canon/COMBAT.md,Explicit author correction retained in current owners; compatible older details accumulate; original source/qualification preserved.
ORANGE_NORMAL_RAID_ROSTER-07,provenance/diplomatic-pouch-2026-10-08/package/red-orange-reconciliation/package/ORANGE_NORMAL_RAID_ROSTER.md,"Green THE BLOOM: Prime ~23ft rooted carnivorous flower/high endurance. Ranged damage Prime; mouth/vines punish close. Spores physically destroyable; Genesis-energy attacks metabolized/accelerate growth. Mature -> ~17ft Secondary which also spores. Ranged Prime/melee spores/helkir sustain. Emergent runaway, no numeric wipe trigger.",Reviewed at d2e6a9e: earlier source names/overlays missing; prior calendars and rewards preserved as comparison evidence.,Pending October8 and repair details preserved; explicit later conflicts superseded only in scope.,PRESENT,live-model/04_COMBAT_WORLD.md#october-8--orange-season-normal-raid-roster | canon/COMBAT.md,Explicit author correction retained in current owners; compatible older details accumulate; original source/qualification preserved.
HARD_RAID_DOCTRINE-01,provenance/diplomatic-pouch-2026-10-08/package/red-orange-reconciliation/package/HARD_RAID_DOCTRINE.md,Hard uses SAME seasonal bosses as Normal; no second roster.,Reviewed at d2e6a9e: earlier source names/overlays missing; prior calendars and rewards preserved as comparison evidence.,Pending October8 and repair details preserved; explicit later conflicts superseded only in scope.,PRESENT,live-model/COMBAT_ECOLOGY.md#october-8-cumulative--hard-raid-doctrine | live-model/04_COMBAT_WORLD.md#october-8-cumulative--hard-raid-doctrine | canon/COMBAT.md | combat-rewards/README.md,"Same seasonal bosses,continuous environment,no systemic fatigue reset,locked roster,no re-entry/replacement,role-dependent survival,full-attempt restart/no checkpoints,persistent reward eligibility and build-depth accessibility. Existing O6D5 reward/outcome retained without inventing boss identity."
HARD_RAID_DOCTRINE-02,provenance/diplomatic-pouch-2026-10-08/package/red-orange-reconciliation/package/HARD_RAID_DOCTRINE.md,Normal encounters comparatively discrete with encounter-local fatigue normalization/reset between boss domains. Hard is one continuous hostile raid environment with ten-person-calibrated hostile populations between bosses and NO systemic fatigue reset. Ordinary in-instance rest != reset.,Reviewed at d2e6a9e: earlier source names/overlays missing; prior calendars and rewards preserved as comparison evidence.,Pending October8 and repair details preserved; explicit later conflicts superseded only in scope.,PRESENT,live-model/COMBAT_ECOLOGY.md#october-8-cumulative--hard-raid-doctrine | live-model/04_COMBAT_WORLD.md#october-8-cumulative--hard-raid-doctrine | canon/COMBAT.md | combat-rewards/README.md,"Same seasonal bosses,continuous environment,no systemic fatigue reset,locked roster,no re-entry/replacement,role-dependent survival,full-attempt restart/no checkpoints,persistent reward eligibility and build-depth accessibility. Existing O6D5 reward/outcome retained without inventing boss identity."
HARD_RAID_DOCTRINE-03,provenance/diplomatic-pouch-2026-10-08/package/red-orange-reconciliation/package/HARD_RAID_DOCTRINE.md,Roster locks at creation. Individual death re-instances participant outside Raid/residence; they cannot rejoin active attempt and cannot be replaced. Survivors may continue N-1. Voluntary exit likewise cannot rejoin.,Reviewed at d2e6a9e: earlier source names/overlays missing; prior calendars and rewards preserved as comparison evidence.,Pending October8 and repair details preserved; explicit later conflicts superseded only in scope.,PRESENT,live-model/COMBAT_ECOLOGY.md#october-8-cumulative--hard-raid-doctrine | live-model/04_COMBAT_WORLD.md#october-8-cumulative--hard-raid-doctrine | canon/COMBAT.md | combat-rewards/README.md,"Same seasonal bosses,continuous environment,no systemic fatigue reset,locked roster,no re-entry/replacement,role-dependent survival,full-attempt restart/no checkpoints,persistent reward eligibility and build-depth accessibility. Existing O6D5 reward/outcome retained without inventing boss identity."
HARD_RAID_DOCTRINE-04,provenance/diplomatic-pouch-2026-10-08/package/red-orange-reconciliation/package/HARD_RAID_DOCTRINE.md,"Casualties are role-dependent: evaluate surviving capabilities, not count only. Missing one of two Guardian-capable participants can make Coherence Twins 5/5 solution non-executable.",Reviewed at d2e6a9e: earlier source names/overlays missing; prior calendars and rewards preserved as comparison evidence.,Pending October8 and repair details preserved; explicit later conflicts superseded only in scope.,PRESENT,live-model/COMBAT_ECOLOGY.md#october-8-cumulative--hard-raid-doctrine | live-model/04_COMBAT_WORLD.md#october-8-cumulative--hard-raid-doctrine | canon/COMBAT.md | combat-rewards/README.md,"Same seasonal bosses,continuous environment,no systemic fatigue reset,locked roster,no re-entry/replacement,role-dependent survival,full-attempt restart/no checkpoints,persistent reward eligibility and build-depth accessibility. Existing O6D5 reward/outcome retained without inventing boss identity."
HARD_RAID_DOCTRINE-05,provenance/diplomatic-pouch-2026-10-08/package/red-orange-reconciliation/package/HARD_RAID_DOCTRINE.md,Individual death does NOT reset. Total elimination or survivors abandoning/end attempt terminates instance. Next attempt restarts at ingress with all environment/boss progression restored. No checkpoints. Reward eligibility persists across attempts; already-claimed bosses do not repay just because re-cleared.,Reviewed at d2e6a9e: earlier source names/overlays missing; prior calendars and rewards preserved as comparison evidence.,Pending October8 and repair details preserved; explicit later conflicts superseded only in scope.,PRESENT,live-model/COMBAT_ECOLOGY.md#october-8-cumulative--hard-raid-doctrine | live-model/04_COMBAT_WORLD.md#october-8-cumulative--hard-raid-doctrine | canon/COMBAT.md | combat-rewards/README.md,"Same seasonal bosses,continuous environment,no systemic fatigue reset,locked roster,no re-entry/replacement,role-dependent survival,full-attempt restart/no checkpoints,persistent reward eligibility and build-depth accessibility. Existing O6D5 reward/outcome retained without inventing boss identity."
HARD_RAID_DOCTRINE-06,provenance/diplomatic-pouch-2026-10-08/package/red-orange-reconciliation/package/HARD_RAID_DOCTRINE.md,Hard is always available; practical first-cycle accessibility emerges from DEPTH OF BUILD: Binding breadth/rank depth/equipment/role redundancy/endurance/group experience. Early Red underbuilt; late Orange can attempt meaningful Red/Orange Hard progression.,Reviewed at d2e6a9e: earlier source names/overlays missing; prior calendars and rewards preserved as comparison evidence.,Pending October8 and repair details preserved; explicit later conflicts superseded only in scope.,PRESENT,live-model/COMBAT_ECOLOGY.md#october-8-cumulative--hard-raid-doctrine | live-model/04_COMBAT_WORLD.md#october-8-cumulative--hard-raid-doctrine | canon/COMBAT.md | combat-rewards/README.md,"Same seasonal bosses,continuous environment,no systemic fatigue reset,locked roster,no re-entry/replacement,role-dependent survival,full-attempt restart/no checkpoints,persistent reward eligibility and build-depth accessibility. Existing O6D5 reward/outcome retained without inventing boss identity."
HARD_RAID_DOCTRINE-07,provenance/diplomatic-pouch-2026-10-08/package/red-orange-reconciliation/package/HARD_RAID_DOCTRINE.md,Core optimization: encounter progress per fatigue/casualty.,Reviewed at d2e6a9e: earlier source names/overlays missing; prior calendars and rewards preserved as comparison evidence.,Pending October8 and repair details preserved; explicit later conflicts superseded only in scope.,PRESENT,live-model/COMBAT_ECOLOGY.md#october-8-cumulative--hard-raid-doctrine | live-model/04_COMBAT_WORLD.md#october-8-cumulative--hard-raid-doctrine | canon/COMBAT.md | combat-rewards/README.md,"Same seasonal bosses,continuous environment,no systemic fatigue reset,locked roster,no re-entry/replacement,role-dependent survival,full-attempt restart/no checkpoints,persistent reward eligibility and build-depth accessibility. Existing O6D5 reward/outcome retained without inventing boss identity."
