domain,topic,decision,status
Arc structure,Arc 3 endpoint,illi Beam Red + Kira Blue Fireball Genesis Card,LOCK
Kira card,Blue Fireball Genesis Card,"86,000 credits",LOCK specific collectible
Kira Orbs,acquisition date,inside Arc 4; exact date OPEN,LOCK direction
Arc4 illi,Beam O/Y/G + Genesis Prime R,"73,044 credits after Beam Red",LOCK arithmetic
Daily life,coffee equivalent,abecca,LOCK
Kira Arc4,group access,high-demand applicant where eligible,LOCK direction
Yellow Dungeon,first pair clear,Kira independently first; illi still Orange-cleared,LOCK story beat
Tea House,purpose,independent household,LOCK
Tea Party,purpose,social identity/network,LOCK
Charity/Foundation,purpose,independent civic/economic capital,LOCK
Math IP,foundation income,research/patent/licensing royalties possible,LOCK direction
Credit transfer,social/civic consumption,allowed,LOCK principle
Credit transfer,Binding/rank progression,prohibited,LOCK principle
Social palette,seasonal gala,one per season,LOCK cadence
Social palette,builder/deck/Genesis gatherings,available episodically,LOCK
Home,recovery/nothing days,positive valid calendar state,LOCK
