binding,from_B6D3_rank,purchase_rank,base_price,illi_cost,purchase_date
Persistent Coherence,Blue,Violet,77115,42413,
Persistent Coherence,Blue,White,308460,169653,
Absorption Shield,Green,Blue,257040,141372,
Absorption Shield,Green,Violet,771120,424116,
Absorption Shield,Green,White,3084480,1696464,
Genesis Prime Elemental,Yellow,Green,102816,56549,
Genesis Prime Elemental,Yellow,Blue,257040,141372,
Genesis Prime Elemental,Yellow,Violet,771120,424116,
Genesis Prime Elemental,Yellow,White,3084480,1696464,
Coherence Prime Elemental,Red,Orange,27200,14960,
Coherence Prime Elemental,Red,Yellow,48960,26928,
Coherence Prime Elemental,Red,Green,102816,56549,
Coherence Prime Elemental,Red,Blue,257040,141372,
Coherence Prime Elemental,Red,Violet,771120,424116,
Coherence Prime Elemental,Red,White,3084480,1696464,
Resonance Prime Elemental,Red,Orange,27200,14960,
Resonance Prime Elemental,Red,Yellow,48960,26928,
Resonance Prime Elemental,Red,Green,102816,56549,
Resonance Prime Elemental,Red,Blue,257040,141372,
Resonance Prime Elemental,Red,Violet,771120,424116,
Resonance Prime Elemental,Red,White,3084480,1696464,
