date,description,income,progression_spend,running_progression_reserve,kind
G6D3,Orange domai specific award,30000,0,30000,income
G6D4,Genesis Prime → Orange,0,14960,15040,purchase
G6D6,Yellow Dungeon ×2,4610,0,19650,income
G6D7,Duo Trial W18,6555,0,26205,income
G7D1,Green Dungeon clear,4550,0,30755,income
G7D2,Genesis Prime → Yellow,0,26928,3827,purchase
G7D3,illi Solo W11 clear,2355,0,6182,income
G7D4,illi Solo W12 clear,2805,0,8987,income
B1D1,illi Solo W13 Green clear,3305,0,12292,income
B1D2,Green Dungeon clear,4550,0,16842,income
B1D3,Absorption Shield → Orange,0,14960,1882,purchase
B1D4,Green Dungeon clear,4550,0,6432,income
B1D6,Green Dungeon clear,4550,0,10982,income
B2D2,Duo Trial W19 clear,7355,0,18337,income
B2D3,Normal Raid R/O/Y major rewards,11250,0,29587,income
B2D4,Absorption Shield → Yellow,0,26928,2659,purchase
B2D6,Green Dungeon clear,4550,0,7209,income
B3D1,Green Dungeon clear,4550,0,11759,income
B3D2,Hard Raid R/O first seasonal rewards,9375,0,21134,income
B3D4,Green Dungeon clear,4550,0,25684,income
B4D2,Green Dungeon clear,4550,0,30234,income
B4D6,Green Dungeon clear,4550,0,34784,income
B5D2,Blue Dungeon first clear,7800,0,42584,income
B5D3,Hard Yellow first clear,7500,0,50084,income
B5D4,Yellow domai specific award,15000,0,65084,income
B5D6,Absorption Shield → Green,0,56549,8535,purchase
B6D2,Duo Trial W20 clear,8205,0,16740,income
B6D3,Resonance Prime → Red,0,9350,7390,purchase
