season,week,day_or_range,activity,fixed_income,notes
Blue,6,4-7,Two-Orb development,No fixed major payout,Arc Seven opens; routine training
Blue,7,1-7,Two-Orb development / Blue close,No fixed major payout,No record chase required
Violet,1-2,through V2D3,Two-Orb blender operationally stable,No fixed major payout,Three-Orb work begins V2D4
Violet,3-5,all,Three-Orb cognitive/stability training,No fixed major payout,No record chase
Violet,6-7,late,Three-Orb stabilization + Domain late Violet,"Domain costs Kira 61,017",Exact Domain day OPEN
White,1,ordered blocks,Solo W96; Duo W100; Solo W100; R/O/Y/G/G core sequence,"Kira Trial 386,465; illi Trial 130,955; core 8.5M each",Elara admonishes after second Green
White,2,week,4 mature Green closes,10M each,Closer doctrine
White,3,week,4 mature Green closes,10M each,Closer doctrine
White,4,week,4 mature Green closes,10M each,Closer doctrine
White,5,week,4 mature Green closes,10M each,Closer doctrine
White,6,week,4 mature Green closes,10M each,Closer doctrine / Prism social emphasis
White,7,D1/D3,2 mature Green closes; otherwise vacation/finale,5M each,Final Auction W7D5-D7
