season,week,day,event,source_kind,kira_credits_earned,kira_progression_spend,kira_actual_surplus_earned,kira_minimum_running_gross,kira_actual_running_gross,kira_noncombat_credits,kira_known_running_balance,source,notes
Red,1,1,Entry grant,Noncombat grant,0,0,0,0,0,2000,2000,live-model/25_CHECKPOINT_18_MASTER_LIVE_MODEL.md,Not combat gross; sourced starting funds.
Red,1,1,Armor of the Abyss — entry/Red; exact transaction day OPEN,Unquantified progression spend,0,,0,0,0,0,2000,economy/KIRA_BLACK_ACQUISITION_PRICES.json,"Entry bucket is not a newly locked purchase day. Approximate 1,000 is not an exact debit; null is OPEN, not free. Known balance excludes this debit."
Red,1,1,OPEN / purchase-social | NO REQUIRED COMBAT,No booked Kira reward,0,0,0,0,0,0,2000,world-clock/RED_TO_ORANGE_COMBAT_CALENDAR.csv:R1D1;world-clock/RED_TO_ORANGE_COMBAT_CALENDAR.csv:no sourced numeric Kira reward,Known balance excludes unquantified Armor/lifestyle debits. Failed encounters and optional unsourced awards add no invented reward.
Red,1,2,Duo Trial | Duo Trial W5,Duo Trial,565,0,0,565,565,0,2565,world-clock/RED_TO_ORANGE_COMBAT_CALENDAR.csv:R1D2;trial-rewards/TRIAL_WAVE_CREDITS.csv:wave=5,Known balance excludes unquantified Armor/lifestyle debits. Failed encounters and optional unsourced awards add no invented reward.
Red,1,3,Solo Trial W8 | Kira Solo Trial,Kira Solo,1275,0,0,1840,1840,0,3840,world-clock/RED_TO_ORANGE_COMBAT_CALENDAR.csv:R1D3;trial-rewards/TRIAL_WAVE_CREDITS.csv:wave=8,Known balance excludes unquantified Armor/lifestyle debits. Failed encounters and optional unsourced awards add no invented reward.
Red,1,4,Red Dungeon | Red Dungeon,Normal Dungeon,395,0,0,2235,2235,0,4235,world-clock/RED_TO_ORANGE_COMBAT_CALENDAR.csv:R1D4;combat-rewards/DUNGEON_REWARDS.csv:rank=Red;count=1,Known balance excludes unquantified Armor/lifestyle debits. Failed encounters and optional unsourced awards add no invented reward.
Red,1,5,OPEN / recovery-social | NO REQUIRED COMBAT,No booked Kira reward,0,0,0,2235,2235,0,4235,world-clock/RED_TO_ORANGE_COMBAT_CALENDAR.csv:R1D5;world-clock/RED_TO_ORANGE_COMBAT_CALENDAR.csv:no sourced numeric Kira reward,Known balance excludes unquantified Armor/lifestyle debits. Failed encounters and optional unsourced awards add no invented reward.
Red,1,6,Duo Trial | Duo Trial W7,Duo Trial,1000,0,0,3235,3235,0,5235,world-clock/RED_TO_ORANGE_COMBAT_CALENDAR.csv:R1D6;trial-rewards/TRIAL_WAVE_CREDITS.csv:wave=7,Known balance excludes unquantified Armor/lifestyle debits. Failed encounters and optional unsourced awards add no invented reward.
Red,1,7,OPEN / recovery-social | NO REQUIRED COMBAT,No booked Kira reward,0,0,0,3235,3235,0,5235,world-clock/RED_TO_ORANGE_COMBAT_CALENDAR.csv:R1D7;world-clock/RED_TO_ORANGE_COMBAT_CALENDAR.csv:no sourced numeric Kira reward,Known balance excludes unquantified Armor/lifestyle debits. Failed encounters and optional unsourced awards add no invented reward.
Red,2,1,Red Dungeons ×2 | Red Dungeon ×2,Normal Dungeon,790,0,0,4025,4025,0,6025,world-clock/RED_TO_ORANGE_COMBAT_CALENDAR.csv:R2D1;combat-rewards/DUNGEON_REWARDS.csv:rank=Red;count=2,Known balance excludes unquantified Armor/lifestyle debits. Failed encounters and optional unsourced awards add no invented reward.
Red,2,2,Solo Trial W9 | Kira Solo Trial,Kira Solo,1590,0,0,5615,5615,0,7615,world-clock/RED_TO_ORANGE_COMBAT_CALENDAR.csv:R2D2;trial-rewards/TRIAL_WAVE_CREDITS.csv:wave=9,Known balance excludes unquantified Armor/lifestyle debits. Failed encounters and optional unsourced awards add no invented reward.
Red,2,3,OPEN / purchase-social | NO REQUIRED COMBAT,No booked Kira reward,0,0,0,5615,5615,0,7615,world-clock/RED_TO_ORANGE_COMBAT_CALENDAR.csv:R2D3;world-clock/RED_TO_ORANGE_COMBAT_CALENDAR.csv:no sourced numeric Kira reward,Known balance excludes unquantified Armor/lifestyle debits. Failed encounters and optional unsourced awards add no invented reward.
Red,2,4,Orange Dungeon | Orange Dungeon,Normal Dungeon,1020,0,0,6635,6635,0,8635,world-clock/RED_TO_ORANGE_COMBAT_CALENDAR.csv:R2D4;combat-rewards/DUNGEON_REWARDS.csv:rank=Orange;count=1,Known balance excludes unquantified Armor/lifestyle debits. Failed encounters and optional unsourced awards add no invented reward.
Red,2,5,OPEN / rest | illi Solo Trial W2,illi-only Solo excluded,0,0,0,6635,6635,0,8635,world-clock/RED_TO_ORANGE_COMBAT_CALENDAR.csv:R2D5;world-clock/RED_TO_ORANGE_COMBAT_CALENDAR.csv:illi-only;no Kira reward,Known balance excludes unquantified Armor/lifestyle debits. Failed encounters and optional unsourced awards add no invented reward.
Red,2,6,Duo Trial | Duo Trial W8,Duo Trial,1275,0,0,7910,7910,0,9910,world-clock/RED_TO_ORANGE_COMBAT_CALENDAR.csv:R2D6;trial-rewards/TRIAL_WAVE_CREDITS.csv:wave=8,Known balance excludes unquantified Armor/lifestyle debits. Failed encounters and optional unsourced awards add no invented reward.
Red,2,7,Orange Dungeons ×2 | Orange Dungeon ×2,Normal Dungeon,2040,0,0,9950,9950,0,11950,world-clock/RED_TO_ORANGE_COMBAT_CALENDAR.csv:R2D7;combat-rewards/DUNGEON_REWARDS.csv:rank=Orange;count=2,Known balance excludes unquantified Armor/lifestyle debits. Failed encounters and optional unsourced awards add no invented reward.
Red,3,1,OPEN / recovery-social | NO REQUIRED COMBAT,No booked Kira reward,0,0,0,9950,9950,0,11950,world-clock/RED_TO_ORANGE_COMBAT_CALENDAR.csv:R3D1;world-clock/RED_TO_ORANGE_COMBAT_CALENDAR.csv:no sourced numeric Kira reward,Known balance excludes unquantified Armor/lifestyle debits. Failed encounters and optional unsourced awards add no invented reward.
Red,3,2,Normal Raid | Raid group #1: Red boss → Orange attempts,Normal Raid,2500,0,0,12450,12450,0,14450,world-clock/RED_TO_ORANGE_COMBAT_CALENDAR.csv:R3D2;combat-rewards/RAID_BOSS_REWARDS.csv:boss_rank=Red;normal,Known balance excludes unquantified Armor/lifestyle debits. Failed encounters and optional unsourced awards add no invented reward.
Red,3,3,OPEN / recovery-social | NO REQUIRED COMBAT,No booked Kira reward,0,0,0,12450,12450,0,14450,world-clock/RED_TO_ORANGE_COMBAT_CALENDAR.csv:R3D3;world-clock/RED_TO_ORANGE_COMBAT_CALENDAR.csv:no sourced numeric Kira reward,Known balance excludes unquantified Armor/lifestyle debits. Failed encounters and optional unsourced awards add no invented reward.
Red,3,4,Solo Trial W9 | Kira Solo Trial,Kira Solo,1590,0,0,14040,14040,0,16040,world-clock/RED_TO_ORANGE_COMBAT_CALENDAR.csv:R3D4;trial-rewards/TRIAL_WAVE_CREDITS.csv:wave=9,Known balance excludes unquantified Armor/lifestyle debits. Failed encounters and optional unsourced awards add no invented reward.
Red,3,5,Orange Dungeons ×2 | Orange Dungeon ×2,Normal Dungeon,2040,0,0,16080,16080,0,18080,world-clock/RED_TO_ORANGE_COMBAT_CALENDAR.csv:R3D5;combat-rewards/DUNGEON_REWARDS.csv:rank=Orange;count=2,Known balance excludes unquantified Armor/lifestyle debits. Failed encounters and optional unsourced awards add no invented reward.
Red,3,6,OPEN / recovery-social | NO REQUIRED COMBAT,No booked Kira reward,0,0,0,16080,16080,0,18080,world-clock/RED_TO_ORANGE_COMBAT_CALENDAR.csv:R3D6;world-clock/RED_TO_ORANGE_COMBAT_CALENDAR.csv:no sourced numeric Kira reward,Known balance excludes unquantified Armor/lifestyle debits. Failed encounters and optional unsourced awards add no invented reward.
Red,3,7,Duo Trial | Duo Trial W8,Duo Trial,1275,0,0,17355,17355,0,19355,world-clock/RED_TO_ORANGE_COMBAT_CALENDAR.csv:R3D7;trial-rewards/TRIAL_WAVE_CREDITS.csv:wave=8,Known balance excludes unquantified Armor/lifestyle debits. Failed encounters and optional unsourced awards add no invented reward.
Red,4,1,OPEN / rest | illi Solo Trial W3,illi-only Solo excluded,0,0,0,17355,17355,0,19355,world-clock/RED_TO_ORANGE_COMBAT_CALENDAR.csv:R4D1;world-clock/RED_TO_ORANGE_COMBAT_CALENDAR.csv:illi-only;no Kira reward,Known balance excludes unquantified Armor/lifestyle debits. Failed encounters and optional unsourced awards add no invented reward.
Red,4,2,OPEN / purchase-social | NO REQUIRED COMBAT,No booked Kira reward,0,0,0,17355,17355,0,19355,world-clock/RED_TO_ORANGE_COMBAT_CALENDAR.csv:R4D2;world-clock/RED_TO_ORANGE_COMBAT_CALENDAR.csv:no sourced numeric Kira reward,Known balance excludes unquantified Armor/lifestyle debits. Failed encounters and optional unsourced awards add no invented reward.
Red,4,3,OPEN / recovery-social | NO REQUIRED COMBAT,No booked Kira reward,0,0,0,17355,17355,0,19355,world-clock/RED_TO_ORANGE_COMBAT_CALENDAR.csv:R4D3;world-clock/RED_TO_ORANGE_COMBAT_CALENDAR.csv:no sourced numeric Kira reward,Known balance excludes unquantified Armor/lifestyle debits. Failed encounters and optional unsourced awards add no invented reward.
Red,4,4,Orange Dungeons ×2 | Orange Dungeon ×2,Normal Dungeon,2040,0,0,19395,19395,0,21395,world-clock/RED_TO_ORANGE_COMBAT_CALENDAR.csv:R4D4;combat-rewards/DUNGEON_REWARDS.csv:rank=Orange;count=2,Known balance excludes unquantified Armor/lifestyle debits. Failed encounters and optional unsourced awards add no invented reward.
Red,4,5,OPEN / recovery-social | NO REQUIRED COMBAT,No booked Kira reward,0,0,0,19395,19395,0,21395,world-clock/RED_TO_ORANGE_COMBAT_CALENDAR.csv:R4D5;world-clock/RED_TO_ORANGE_COMBAT_CALENDAR.csv:no sourced numeric Kira reward,Known balance excludes unquantified Armor/lifestyle debits. Failed encounters and optional unsourced awards add no invented reward.
Red,4,5,Burrower Red-B first clear,Authored actual/discretionary surplus,0,0,2500,19395,21895,0,23895,world-clock/RED_TO_ORANGE_COMBAT_CALENDAR.csv:R4D5;combat-rewards/RAID_BOSS_REWARDS.csv:boss_rank=Red;provenance/live-model-full-repair-2026-10-08/package/package/LIVE_MODEL_DELTA.md,Actual eligible combat income; outside minimum progression accounting. Per-boss/season payment only once.
Red,4,6,Solo Trial W10 | Kira Solo Trial,Kira Solo,1950,0,0,21345,23845,0,25845,world-clock/RED_TO_ORANGE_COMBAT_CALENDAR.csv:R4D6;trial-rewards/TRIAL_WAVE_CREDITS.csv:wave=10,Known balance excludes unquantified Armor/lifestyle debits. Failed encounters and optional unsourced awards add no invented reward.
Red,4,7,Duo Trial | Duo Trial W9,Duo Trial,1590,0,0,22935,25435,0,27435,world-clock/RED_TO_ORANGE_COMBAT_CALENDAR.csv:R4D7;trial-rewards/TRIAL_WAVE_CREDITS.csv:wave=9,Known balance excludes unquantified Armor/lifestyle debits. Failed encounters and optional unsourced awards add no invented reward.
Red,5,1,domai incursion | domai excursion — active day 1,No booked Kira reward,0,0,0,22935,25435,0,27435,world-clock/RED_TO_ORANGE_COMBAT_CALENDAR.csv:R5D1;world-clock/RED_TO_ORANGE_COMBAT_CALENDAR.csv:no sourced numeric Kira reward,Known balance excludes unquantified Armor/lifestyle debits. Failed encounters and optional unsourced awards add no invented reward.
Red,5,2,domai incursion | domai excursion — active day 2,No booked Kira reward,0,0,0,22935,25435,0,27435,world-clock/RED_TO_ORANGE_COMBAT_CALENDAR.csv:R5D2;world-clock/RED_TO_ORANGE_COMBAT_CALENDAR.csv:no sourced numeric Kira reward,Known balance excludes unquantified Armor/lifestyle debits. Failed encounters and optional unsourced awards add no invented reward.
Red,5,3,Suspended recovery | domai recovery lock,No booked Kira reward,0,0,0,22935,25435,0,27435,world-clock/RED_TO_ORANGE_COMBAT_CALENDAR.csv:R5D3;world-clock/RED_TO_ORANGE_COMBAT_CALENDAR.csv:no sourced numeric Kira reward,Known balance excludes unquantified Armor/lifestyle debits. Failed encounters and optional unsourced awards add no invented reward.
Red,5,4,OPEN / recovery-social | NO REQUIRED COMBAT,No booked Kira reward,0,0,0,22935,25435,0,27435,world-clock/RED_TO_ORANGE_COMBAT_CALENDAR.csv:R5D4;world-clock/RED_TO_ORANGE_COMBAT_CALENDAR.csv:no sourced numeric Kira reward,Known balance excludes unquantified Armor/lifestyle debits. Failed encounters and optional unsourced awards add no invented reward.
Red,5,5,Orange Dungeons ×2 | Orange Dungeon ×2,Normal Dungeon,2040,0,0,24975,27475,0,29475,world-clock/RED_TO_ORANGE_COMBAT_CALENDAR.csv:R5D5;combat-rewards/DUNGEON_REWARDS.csv:rank=Orange;count=2,Known balance excludes unquantified Armor/lifestyle debits. Failed encounters and optional unsourced awards add no invented reward.
Red,5,6,OPEN / recovery-social | NO REQUIRED COMBAT,No booked Kira reward,0,0,0,24975,27475,0,29475,world-clock/RED_TO_ORANGE_COMBAT_CALENDAR.csv:R5D6;world-clock/RED_TO_ORANGE_COMBAT_CALENDAR.csv:no sourced numeric Kira reward,Known balance excludes unquantified Armor/lifestyle debits. Failed encounters and optional unsourced awards add no invented reward.
Red,5,7,Duo Trial | Duo Trial W9,Duo Trial,1590,0,0,26565,29065,0,31065,world-clock/RED_TO_ORANGE_COMBAT_CALENDAR.csv:R5D7;trial-rewards/TRIAL_WAVE_CREDITS.csv:wave=9,Known balance excludes unquantified Armor/lifestyle debits. Failed encounters and optional unsourced awards add no invented reward.
Red,6,1,Orange Dungeons ×2 | Orange Dungeon ×2,Normal Dungeon,2040,0,0,28605,31105,0,33105,world-clock/RED_TO_ORANGE_COMBAT_CALENDAR.csv:R6D1;combat-rewards/DUNGEON_REWARDS.csv:rank=Orange;count=2,Known balance excludes unquantified Armor/lifestyle debits. Failed encounters and optional unsourced awards add no invented reward.
Red,6,2,OPEN / recovery-social | NO REQUIRED COMBAT,No booked Kira reward,0,0,0,28605,31105,0,33105,world-clock/RED_TO_ORANGE_COMBAT_CALENDAR.csv:R6D2;world-clock/RED_TO_ORANGE_COMBAT_CALENDAR.csv:no sourced numeric Kira reward,Known balance excludes unquantified Armor/lifestyle debits. Failed encounters and optional unsourced awards add no invented reward.
Red,6,3,Duo Trial | Duo Trial W10,Duo Trial,1950,0,0,30555,33055,0,35055,world-clock/RED_TO_ORANGE_COMBAT_CALENDAR.csv:R6D3;trial-rewards/TRIAL_WAVE_CREDITS.csv:wave=10,Known balance excludes unquantified Armor/lifestyle debits. Failed encounters and optional unsourced awards add no invented reward.
Red,6,4,OPEN / purchase-social | NO REQUIRED COMBAT,No booked Kira reward,0,0,0,30555,33055,0,35055,world-clock/RED_TO_ORANGE_COMBAT_CALENDAR.csv:R6D4;world-clock/RED_TO_ORANGE_COMBAT_CALENDAR.csv:no sourced numeric Kira reward,Known balance excludes unquantified Armor/lifestyle debits. Failed encounters and optional unsourced awards add no invented reward.
Red,6,5,OPEN / recovery-social | NO REQUIRED COMBAT,No booked Kira reward,0,0,0,30555,33055,0,35055,world-clock/RED_TO_ORANGE_COMBAT_CALENDAR.csv:R6D5;world-clock/RED_TO_ORANGE_COMBAT_CALENDAR.csv:no sourced numeric Kira reward,Known balance excludes unquantified Armor/lifestyle debits. Failed encounters and optional unsourced awards add no invented reward.
Red,6,6,Normal Raid | Raid group #2: Red repeat → Orange boss,Normal Raid,3750,0,0,34305,36805,0,38805,world-clock/RED_TO_ORANGE_COMBAT_CALENDAR.csv:R6D6;combat-rewards/RAID_BOSS_REWARDS.csv:boss_rank=Orange;normal,Known balance excludes unquantified Armor/lifestyle debits. Failed encounters and optional unsourced awards add no invented reward.
Red,6,7,OPEN / recovery-social | NO REQUIRED COMBAT,No booked Kira reward,0,0,0,34305,36805,0,38805,world-clock/RED_TO_ORANGE_COMBAT_CALENDAR.csv:R6D7;world-clock/RED_TO_ORANGE_COMBAT_CALENDAR.csv:no sourced numeric Kira reward,Known balance excludes unquantified Armor/lifestyle debits. Failed encounters and optional unsourced awards add no invented reward.
Red,7,1,Orange Dungeons ×2 | Orange Dungeon ×2,Normal Dungeon,2040,0,0,36345,38845,0,40845,world-clock/RED_TO_ORANGE_COMBAT_CALENDAR.csv:R7D1;combat-rewards/DUNGEON_REWARDS.csv:rank=Orange;count=2,Known balance excludes unquantified Armor/lifestyle debits. Failed encounters and optional unsourced awards add no invented reward.
Red,7,2,OPEN / recovery-social | NO REQUIRED COMBAT,No booked Kira reward,0,0,0,36345,38845,0,40845,world-clock/RED_TO_ORANGE_COMBAT_CALENDAR.csv:R7D2;world-clock/RED_TO_ORANGE_COMBAT_CALENDAR.csv:no sourced numeric Kira reward,Known balance excludes unquantified Armor/lifestyle debits. Failed encounters and optional unsourced awards add no invented reward.
Red,7,3,Duo Trial | Duo Trial W10,Duo Trial,1950,0,0,38295,40795,0,42795,world-clock/RED_TO_ORANGE_COMBAT_CALENDAR.csv:R7D3;trial-rewards/TRIAL_WAVE_CREDITS.csv:wave=10,Known balance excludes unquantified Armor/lifestyle debits. Failed encounters and optional unsourced awards add no invented reward.
Red,7,4,Orange Dungeons ×2 | Orange Dungeon ×2,Normal Dungeon,2040,0,0,40335,42835,0,44835,world-clock/RED_TO_ORANGE_COMBAT_CALENDAR.csv:R7D4;combat-rewards/DUNGEON_REWARDS.csv:rank=Orange;count=2,Known balance excludes unquantified Armor/lifestyle debits. Failed encounters and optional unsourced awards add no invented reward.
Red,7,5,OPEN / recovery-social | NO REQUIRED COMBAT,No booked Kira reward,0,0,0,40335,42835,0,44835,world-clock/RED_TO_ORANGE_COMBAT_CALENDAR.csv:R7D5;world-clock/RED_TO_ORANGE_COMBAT_CALENDAR.csv:no sourced numeric Kira reward,Known balance excludes unquantified Armor/lifestyle debits. Failed encounters and optional unsourced awards add no invented reward.
Red,7,6,Duo Trial | Duo Trial W10,Duo Trial,1950,0,0,42285,44785,0,46785,world-clock/RED_TO_ORANGE_COMBAT_CALENDAR.csv:R7D6;trial-rewards/TRIAL_WAVE_CREDITS.csv:wave=10,Known balance excludes unquantified Armor/lifestyle debits. Failed encounters and optional unsourced awards add no invented reward.
Red,7,7,Orange Dungeons ×2 | Orange Dungeon ×2,Normal Dungeon,2040,0,0,44325,46825,0,48825,world-clock/RED_TO_ORANGE_COMBAT_CALENDAR.csv:R7D7;combat-rewards/DUNGEON_REWARDS.csv:rank=Orange;count=2,Known balance excludes unquantified Armor/lifestyle debits. Failed encounters and optional unsourced awards add no invented reward.
Orange,1,1,Duo Trial | Duo Trial W10,Duo Trial,1950,0,0,46275,48775,0,50775,world-clock/RED_TO_ORANGE_COMBAT_CALENDAR.csv:O1D1;trial-rewards/TRIAL_WAVE_CREDITS.csv:wave=10,Known balance excludes unquantified Armor/lifestyle debits. Failed encounters and optional unsourced awards add no invented reward.
Orange,1,2,Orange Dungeons ×2 | Orange Dungeon ×2,Normal Dungeon,2040,0,0,48315,50815,0,52815,world-clock/RED_TO_ORANGE_COMBAT_CALENDAR.csv:O1D2;combat-rewards/DUNGEON_REWARDS.csv:rank=Orange;count=2,Known balance excludes unquantified Armor/lifestyle debits. Failed encounters and optional unsourced awards add no invented reward.
Orange,1,3,Duo Trial | Duo Trial W10,Duo Trial,1950,0,0,50265,52765,0,54765,world-clock/RED_TO_ORANGE_COMBAT_CALENDAR.csv:O1D3;trial-rewards/TRIAL_WAVE_CREDITS.csv:wave=10,Known balance excludes unquantified Armor/lifestyle debits. Failed encounters and optional unsourced awards add no invented reward.
Orange,1,4,OPEN / recognition-social | NO REQUIRED COMBAT,No booked Kira reward,0,0,0,50265,52765,0,54765,world-clock/RED_TO_ORANGE_COMBAT_CALENDAR.csv:O1D4;world-clock/RED_TO_ORANGE_COMBAT_CALENDAR.csv:no sourced numeric Kira reward,Known balance excludes unquantified Armor/lifestyle debits. Failed encounters and optional unsourced awards add no invented reward.
Orange,1,5,OPEN / recovery-social | NO REQUIRED COMBAT,No booked Kira reward,0,0,0,50265,52765,0,54765,world-clock/RED_TO_ORANGE_COMBAT_CALENDAR.csv:O1D5;world-clock/RED_TO_ORANGE_COMBAT_CALENDAR.csv:no sourced numeric Kira reward,Known balance excludes unquantified Armor/lifestyle debits. Failed encounters and optional unsourced awards add no invented reward.
Orange,1,6,Normal Raid | New-season Red Raid boss,Normal Raid,2500,0,0,52765,55265,0,57265,world-clock/RED_TO_ORANGE_COMBAT_CALENDAR.csv:O1D6;combat-rewards/RAID_BOSS_REWARDS.csv:boss_rank=Red;normal,Known balance excludes unquantified Armor/lifestyle debits. Failed encounters and optional unsourced awards add no invented reward.
Orange,1,6,Triumvirate Red-B first clear,Authored actual/discretionary surplus,0,0,2500,52765,57765,0,59765,world-clock/RED_TO_ORANGE_COMBAT_CALENDAR.csv:O1D6;combat-rewards/RAID_BOSS_REWARDS.csv:boss_rank=Red;provenance/live-model-full-repair-2026-10-08/package/package/LIVE_MODEL_DELTA.md,Actual eligible combat income; outside minimum progression accounting. Per-boss/season payment only once.
Orange,1,7,Duo Trial | Duo Trial W10,Duo Trial,1950,0,0,54715,59715,0,61715,world-clock/RED_TO_ORANGE_COMBAT_CALENDAR.csv:O1D7;trial-rewards/TRIAL_WAVE_CREDITS.csv:wave=10,Known balance excludes unquantified Armor/lifestyle debits. Failed encounters and optional unsourced awards add no invented reward.
Orange,2,1,Orange Dungeons ×2 | Orange Dungeon ×2,Normal Dungeon,2040,0,0,56755,61755,0,63755,world-clock/RED_TO_ORANGE_COMBAT_CALENDAR.csv:O2D1;combat-rewards/DUNGEON_REWARDS.csv:rank=Orange;count=2,Known balance excludes unquantified Armor/lifestyle debits. Failed encounters and optional unsourced awards add no invented reward.
Orange,2,2,Duo Trial | Duo Trial W10,Duo Trial,1950,0,0,58705,63705,0,65705,world-clock/RED_TO_ORANGE_COMBAT_CALENDAR.csv:O2D2;trial-rewards/TRIAL_WAVE_CREDITS.csv:wave=10,Known balance excludes unquantified Armor/lifestyle debits. Failed encounters and optional unsourced awards add no invented reward.
Orange,2,3,CSR purchase61017 later; family-smithy/social | NO REQUIRED COMBAT,No booked Kira reward,0,61017,0,58705,63705,0,4688,world-clock/RED_TO_ORANGE_COMBAT_CALENDAR.csv:O2D3;world-clock/RED_TO_ORANGE_COMBAT_CALENDAR.csv:no sourced numeric Kira reward,Known balance excludes unquantified Armor/lifestyle debits. CSR purchase; optional illi Solo credits excluded.
