team_id,canonical_name,wins,losses,current_rank,competitive_bubble,playoff_status,notable_members,story_contacts,notes
TEAM-01,OPEN,0,0,OPEN,OPEN,OPEN,,,
TEAM-02,OPEN,0,0,OPEN,OPEN,OPEN,,,
TEAM-03,OPEN,0,0,OPEN,OPEN,OPEN,,,
TEAM-04,OPEN,0,0,OPEN,OPEN,OPEN,,,
TEAM-05,OPEN,0,0,OPEN,OPEN,OPEN,,,
TEAM-06,OPEN,0,0,OPEN,OPEN,OPEN,,,
TEAM-07,OPEN,0,0,OPEN,OPEN,OPEN,,,
TEAM-08,OPEN,0,0,OPEN,OPEN,OPEN,,,
TEAM-09,OPEN,0,0,OPEN,OPEN,OPEN,,,
TEAM-10,OPEN,0,0,OPEN,OPEN,OPEN,,,
TEAM-11,OPEN,0,0,OPEN,OPEN,OPEN,,,
TEAM-12,OPEN,0,0,OPEN,OPEN,OPEN,,,
TEAM-13,OPEN,0,0,OPEN,OPEN,OPEN,,,
TEAM-14,OPEN,0,0,OPEN,OPEN,OPEN,,,
TEAM-15,OPEN,0,0,OPEN,OPEN,OPEN,,,
TEAM-16,OPEN,0,0,OPEN,OPEN,OPEN,,,
TEAM-17,OPEN,0,0,OPEN,OPEN,OPEN,,,
TEAM-18,OPEN,0,0,OPEN,OPEN,OPEN,,,
TEAM-19,OPEN,0,0,OPEN,OPEN,OPEN,,,
TEAM-20,OPEN,0,0,OPEN,OPEN,OPEN,,,
TEAM-21,OPEN,0,0,OPEN,OPEN,OPEN,,,
TEAM-22,OPEN,0,0,OPEN,OPEN,OPEN,,,
TEAM-23,OPEN,0,0,OPEN,OPEN,OPEN,,,
TEAM-24,OPEN,0,0,OPEN,OPEN,OPEN,,,
TEAM-25,OPEN,0,0,OPEN,OPEN,OPEN,,,
TEAM-26,OPEN,0,0,OPEN,OPEN,OPEN,,,
TEAM-27,OPEN,0,0,OPEN,OPEN,OPEN,,,
TEAM-28,OPEN,0,0,OPEN,OPEN,OPEN,,,
TEAM-29,OPEN,0,0,OPEN,OPEN,OPEN,,,
TEAM-30,OPEN,0,0,OPEN,OPEN,OPEN,,,
TEAM-31,OPEN,0,0,OPEN,OPEN,OPEN,,,
TEAM-32,OPEN,0,0,OPEN,OPEN,OPEN,,,
TEAM-33,OPEN,0,0,OPEN,OPEN,OPEN,,,
TEAM-34,OPEN,0,0,OPEN,OPEN,OPEN,,,
TEAM-35,OPEN,0,0,OPEN,OPEN,OPEN,,,
TEAM-36,OPEN,0,0,OPEN,OPEN,OPEN,,,
TEAM-37,OPEN,0,0,OPEN,OPEN,OPEN,,,
