"season","week","nightly_highlights","raeon_tournament","seasonal_auction","prism","special_event","kira_clock","illi_clock","featured_highlight","map_snapshot","notes"
"Red","1","Every day at 25:00 (voluntary; implicit baseline)","Open play / deck building / practice","","Regular season; wins/losses (Red W1 through Violet W7)","","D1 arrival/Solo/#1; D2 Duo x2 + city/flagship","D1 Kira/Elara formation; D2 Duo + independence from royal cohort","","",""
"Red","2","Every day at 25:00 (voluntary; implicit baseline)","Open play / deck building / practice","","Regular season; wins/losses (Red W1 through Violet W7)","","","","","",""
"Red","3","Every day at 25:00 (voluntary; implicit baseline)","Open play / deck building / practice","","Regular season; wins/losses (Red W1 through Violet W7)","","","","","",""
"Red","4","Every day at 25:00 (voluntary; implicit baseline)","Open play / deck building / practice","","Regular season; wins/losses (Red W1 through Violet W7)","","","","","",""
"Red","5","Every day at 25:00 (voluntary; implicit baseline)","W5 opening/qualification bracket","","Regular season; wins/losses (Red W1 through Violet W7)","","","","","",""
"Red","6","Every day at 25:00 (voluntary; implicit baseline)","W6 elimination progression","","Regular season; wins/losses (Red W1 through Violet W7)","","","","","",""
"Red","7","Every day at 25:00 (voluntary; implicit baseline)","W7 D1-D4 late bracket/semifinals; W7 D5 championship","W7 D5-D7 seasonal Auction","Regular season; wins/losses (Red W1 through Violet W7)","","","","","",""
"Orange","1","Every day at 25:00 (voluntary; implicit baseline)","Open play / deck building / practice","","Regular season; wins/losses (Red W1 through Violet W7)","","","","","",""
"Orange","2","Every day at 25:00 (voluntary; implicit baseline)","Open play / deck building / practice","","Regular season; wins/losses (Red W1 through Violet W7)","","","","","",""
"Orange","3","Every day at 25:00 (voluntary; implicit baseline)","Open play / deck building / practice","","Regular season; wins/losses (Red W1 through Violet W7)","","","","","",""
"Orange","4","Every day at 25:00 (voluntary; implicit baseline)","Open play / deck building / practice","","Regular season; wins/losses (Red W1 through Violet W7)","","","","","",""
"Orange","5","Every day at 25:00 (voluntary; implicit baseline)","W5 opening/qualification bracket","","Regular season; wins/losses (Red W1 through Violet W7)","","","","","",""
"Orange","6","Every day at 25:00 (voluntary; implicit baseline)","W6 elimination progression","","Regular season; wins/losses (Red W1 through Violet W7)","","","","","",""
"Orange","7","Every day at 25:00 (voluntary; implicit baseline)","W7 D1-D4 late bracket/semifinals; W7 D5 championship","W7 D5-D7 seasonal Auction","Regular season; wins/losses (Red W1 through Violet W7)","","","","","",""
"Yellow","1","Every day at 25:00 (voluntary; implicit baseline)","Open play / deck building / practice","","Regular season; wins/losses (Red W1 through Violet W7)","","","","","",""
"Yellow","2","Every day at 25:00 (voluntary; implicit baseline)","Open play / deck building / practice","","Regular season; wins/losses (Red W1 through Violet W7)","","","","","",""
"Yellow","3","Every day at 25:00 (voluntary; implicit baseline)","Open play / deck building / practice","","Regular season; wins/losses (Red W1 through Violet W7)","","","","","",""
"Yellow","4","Every day at 25:00 (voluntary; implicit baseline)","Open play / deck building / practice","","Regular season; wins/losses (Red W1 through Violet W7)","","","","","",""
"Yellow","5","Every day at 25:00 (voluntary; implicit baseline)","W5 opening/qualification bracket","","Regular season; wins/losses (Red W1 through Violet W7)","","","","","",""
"Yellow","6","Every day at 25:00 (voluntary; implicit baseline)","W6 elimination progression","","Regular season; wins/losses (Red W1 through Violet W7)","","","","","",""
"Yellow","7","Every day at 25:00 (voluntary; implicit baseline)","W7 D1-D4 late bracket/semifinals; W7 D5 championship","W7 D5-D7 seasonal Auction","Regular season; wins/losses (Red W1 through Violet W7)","","","","","",""
"Green","1","Every day at 25:00 (voluntary; implicit baseline)","Open play / deck building / practice","","Regular season; wins/losses (Red W1 through Violet W7)","","","","","",""
"Green","2","Every day at 25:00 (voluntary; implicit baseline)","Open play / deck building / practice","","Regular season; wins/losses (Red W1 through Violet W7)","","","","","",""
"Green","3","Every day at 25:00 (voluntary; implicit baseline)","Open play / deck building / practice","","Regular season; wins/losses (Red W1 through Violet W7)","","","","","",""
"Green","4","Every day at 25:00 (voluntary; implicit baseline)","Open play / deck building / practice","","Regular season; wins/losses (Red W1 through Violet W7)","","","","","",""
"Green","5","Every day at 25:00 (voluntary; implicit baseline)","W5 opening/qualification bracket","","Regular season; wins/losses (Red W1 through Violet W7)","","","","","",""
"Green","6","Every day at 25:00 (voluntary; implicit baseline)","W6 elimination progression","","Regular season; wins/losses (Red W1 through Violet W7)","","","","","",""
"Green","7","Every day at 25:00 (voluntary; implicit baseline)","W7 D1-D4 late bracket/semifinals; W7 D5 championship","W7 D5-D7 seasonal Auction","Regular season; wins/losses (Red W1 through Violet W7)","","","","","",""
"Blue","1","Every day at 25:00 (voluntary; implicit baseline)","Open play / deck building / practice","","Regular season; wins/losses (Red W1 through Violet W7)","","","","","",""
"Blue","2","Every day at 25:00 (voluntary; implicit baseline)","Open play / deck building / practice","","Regular season; wins/losses (Red W1 through Violet W7)","","","","","",""
"Blue","3","Every day at 25:00 (voluntary; implicit baseline)","Open play / deck building / practice","","Regular season; wins/losses (Red W1 through Violet W7)","","","","","",""
"Blue","4","Every day at 25:00 (voluntary; implicit baseline)","Open play / deck building / practice","","Regular season; wins/losses (Red W1 through Violet W7)","","","","","",""
"Blue","5","Every day at 25:00 (voluntary; implicit baseline)","W5 opening/qualification bracket","","Regular season; wins/losses (Red W1 through Violet W7)","","","","","",""
"Blue","6","Every day at 25:00 (voluntary; implicit baseline)","W6 elimination progression","","Regular season; wins/losses (Red W1 through Violet W7)","","","","","",""
"Blue","7","Every day at 25:00 (voluntary; implicit baseline)","W7 D1-D4 late bracket/semifinals; W7 D5 championship","W7 D5-D7 seasonal Auction","Regular season; wins/losses (Red W1 through Violet W7)","","","","","",""
"Violet","1","Every day at 25:00 (voluntary; implicit baseline)","Open play / deck building / practice","","Regular season; wins/losses (Red W1 through Violet W7)","","","","","",""
"Violet","2","Every day at 25:00 (voluntary; implicit baseline)","Open play / deck building / practice","","Regular season; wins/losses (Red W1 through Violet W7)","","","","","",""
"Violet","3","Every day at 25:00 (voluntary; implicit baseline)","Open play / deck building / practice","","Regular season; wins/losses (Red W1 through Violet W7)","","","","","",""
"Violet","4","Every day at 25:00 (voluntary; implicit baseline)","Open play / deck building / practice","","Regular season; wins/losses (Red W1 through Violet W7)","","","","","",""
"Violet","5","Every day at 25:00 (voluntary; implicit baseline)","W5 opening/qualification bracket","","Regular season; wins/losses (Red W1 through Violet W7)","","","","","",""
"Violet","6","Every day at 25:00 (voluntary; implicit baseline)","W6 elimination progression","","Regular season; wins/losses (Red W1 through Violet W7)","","","","","",""
"Violet","7","Every day at 25:00 (voluntary; implicit baseline)","W7 D1-D4 late bracket/semifinals; W7 D5 championship","W7 D5-D7 seasonal Auction","Regular season; wins/losses (Red W1 through Violet W7)","","","","","",""
"White","1","Every day at 25:00 (voluntary; implicit baseline)","Open play / deck building / practice","","Round of 16 (White W1-W2)","","","","","",""
"White","2","Every day at 25:00 (voluntary; implicit baseline)","Open play / deck building / practice","","Round of 16 (White W1-W2)","","","","","",""
"White","3","Every day at 25:00 (voluntary; implicit baseline)","Open play / deck building / practice","","Quarterfinals","","","","","",""
"White","4","Every day at 25:00 (voluntary; implicit baseline)","Open play / deck building / practice","","Semifinals","","","","","",""
"White","5","Every day at 25:00 (voluntary; implicit baseline)","W5 opening/qualification bracket","","Championship buildup","","","","","",""
"White","6","Every day at 25:00 (voluntary; implicit baseline)","W6 elimination progression","","Prism Championship","","","","","",""
"White","7","Every day at 25:00 (voluntary; implicit baseline)","W7 D1-D4 late bracket/semifinals; W7 D5 championship","W7 D5-D7 seasonal Auction","Closing/social/final Auction week","","","","","",""
