wave,credits,cumulative
1,100,100
2,180,280
3,230,510
4,280,790
5,340,1130
6,400,1530
7,470,2000
8,550,2550
9,630,3180
10,720,3900
11,810,4710
12,900,5610
13,1000,6610
14,1100,7710
15,1200,8910
16,1300,10210
17,1400,11610
18,1500,13110
19,1600,14710
20,1700,16410
21,1800,18210
22,1900,20110
23,2000,22110
24,2100,24210
25,2200,26410
26,2300,28710
27,2400,31110
28,2500,33610
29,2600,36210
30,2700,38910
31,2800,41710
32,2900,44610
33,3000,47610
34,3100,50710
35,3200,53910
