id,decision,owner,status,qualification,destinations,resolution
001,27:00 Highlights supersedes governing 25:00,WORLD_CLOCK,PRESENT,LOCKED,live-model/WORLD_CLOCK.md#r2r3-cumulative-social-clock | world-clock/WORLD_CLOCK_TEMPLATE.csv,"27:00 replaces the governing 25:00 timestamp in all 49 weeks and active mirrors/views; CP11 master and prior provenance remain exact historical evidence, explicitly superseded."
002,~26:00 dinner and ~29:00 sleep culture,WORLD_CLOCK,PRESENT,CULTURAL / WORKING,live-model/WORLD_CLOCK.md#r2r3-cumulative-social-clock,"Dinner ~26:00; sleep 28:00–30:00 centered29, wake06:00–07:00; ~28:30 Highlights end WORKING. Only Highlights start is hard within this social rhythm."
003,calendar is minimum progression income not wallet ceiling,CONSTITUTION,PRESENT,LOCKED,THREAD_DEVELOPMENT_CONSTITUTION.md#r2r3-cumulative-income-and-narrative-doctrine,"Calendar is minimum guaranteed progression income, not a wallet ceiling; optional income sources explicitly broaden earlier shallow-Trial-only examples."
004,extra income does not auto-move Binding dates,CONSTITUTION,PRESENT,LOCKED,THREAD_DEVELOPMENT_CONSTITUTION.md#r2r3-cumulative-income-and-narrative-doctrine,Extra income does not automatically advance any locked Binding date; current exact ledger bytes are preserved.
005,city stack A/B/C and healthy-density routing,CITY,PRESENT,CURRENT,live-model/VALNAK_CITY_CULTURE_TRANSPORT.md#r2r3-city-stack-and-persistent-property,Repeated ~20x20 map A/B/C architecture routes healthy density without requiring equal occupancy or importing server ontology.
006,generic load-balance vs specific-instance routing,CITY,PRESENT,CURRENT,live-model/VALNAK_CITY_CULTURE_TRANSPORT.md#r2r3-city-stack-and-persistent-property,Generic replicated destination may load-balance; specific property/person/event/reservation routes specifically; intentional travel capacity-permitting.
007,instance-specific property and nonautomatic inheritance/auction,CITY,PRESENT,CURRENT / WORKING / OPEN,live-model/VALNAK_CITY_CULTURE_TRANSPORT.md#r2r3-city-stack-and-persistent-property,Property instance-specific; permanent-death availability/nonautomatic inheritance/possible auction WORKING; exact legal mechanics OPEN.
008,Kira volcanic island is off-map addressable residence,CITY,PRESENT,CURRENT,live-model/VALNAK_CITY_CULTURE_TRANSPORT.md#r2r3-city-stack-and-persistent-property,"Lush volcanic-island beachfront residence is addressable off-map domain, not mapped parcel."
009,daily raeon 10:00 with 00:00 registration,RAEON,PRESENT,CURRENT,live-model/RAEON.md#r2r3-daily-raeon-tournament,"Daily program starts10:00, registration00:00 before allocation through Node/Valnak/flagship. These event appointments are distinct from cultural sleep/dinner ranges."
010,daily raeon load-balanced flagship cohorts,RAEON,PRESENT,CURRENT / OPEN,live-model/RAEON.md#r2r3-daily-raeon-tournament,Cohorts assigned across001 instances; select event routes there; normal travel after elimination/completion; exact algorithm/size OPEN.
011,daily top-six 300/240/190/150/110/70 working payout,RAEON,PRESENT,WORKING,live-model/RAEON.md#r2r3-daily-raeon-tournament,Top six Violet300/Blue240/Green190/Yellow150/Orange110/Red70; placement iconography never card/basin/Binding/combat rank. Not added to fixed reward tables.
012,daily separate from seasonal tournament,RAEON,PRESENT,CURRENT,live-model/RAEON.md#r2r3-daily-raeon-tournament | live-model/WORLD_CLOCK.md#r2r3-cumulative-social-clock,Daily supplements seasonal W5–W7 circuit; no tournament appointments or attendance moved.
013,Prism variable subdomain/projected boundary,PRISM,PRESENT,CURRENT,live-model/PRISM.md#r2r3-prism-fields-and-spectators,"~7-mile maximum footprint; variable corner/center/half/larger subdomains, faint projected playable edge rather than defensive force field."
014,Prism credit-earning athletic career,PRISM,PRESENT,CURRENT / OPEN,live-model/PRISM.md#r2r3-prism-fields-and-spectators,Athletic career and rule-compatible mobility build route legitimate; payout model OPEN.
015,ordinary Prism A-D / singular championship A,PRISM,PRESENT,WORKING,live-model/PRISM.md#r2r3-prism-fields-and-spectators,"Ordinary games A–D, spectators follow assigned schedule; singular championship InstanceA."
016,finite championship physical attendance plus remote viewing,PRISM,PRESENT,WORKING / OPEN,live-model/PRISM.md#r2r3-prism-fields-and-spectators,Finite physical championship capacity with ticket sale/auction mix OPEN; Node/residence/public remote viewing and floating projections preserved.
017,Top-10 Solo Prism skybox privilege,PRISM,PRESENT,CURRENT / OPEN,live-model/PRISM.md#r2r3-prism-fields-and-spectators,Kira #1/Top10 first-cycle Solo grants reserved hospitality/skybox; exact guest capacity OPEN.
018,R2D1 operational block and compression,STORY,PRESENT,CURRENT / WORKING,live-model/STORY_CLOCK_STATE.md#r2r3-developed-red-week-two,R2D1 two Red clears unchanged; ~3h combat versus ~4h operational block distinguishes formation/queue/breaks; late lunch may close narrative.
019,R2D5 illi death + abecca/raeon + rival interaction,STORY,PRESENT,WORKING / OPEN,live-model/STORY_CLOCK_STATE.md#r2r3-developed-red-week-two,"R2D5 simulated-formation tunnel vision/flank/panic/healing/death scene, frustrated return/comfort,004→001 and possible first direct rival exchange; W2 clear140 preserved, no exact later failure depth/name invented."
020,R2D6 W8 then 003 clothing,STORY,PRESENT,CURRENT,live-model/STORY_CLOCK_STATE.md#r2r3-developed-red-week-two,R2D6 existing W8 ~7h followed by003 everyday clothes and dinner/Highlights.
021,R2D7 3h15 average x2 and recurring group leader,STORY,PRESENT,WORKING / OPEN,live-model/STORY_CLOCK_STATE.md#r2r3-developed-red-week-two,"R2D7 two clears average3h15 each, whole operation~13–22 within unchanged6–10h combat envelope; recurring competent unnamed LFM leader/contact and valuable pseudoGuardian/helkir core."
022,Ghost Base vs Dread Rainbow distinction,RESIDENCE,PRESENT,CURRENT,live-model/03_VALNEK_PATHS.md#r2r3-ghost-base-and-private-kira,"Ghost Base is the residence/base nickname; Dread Rainbow is eventual commissioned giant pirate flag/emblem, date remains OPEN."
023,private playful Kira pretend-Reaper persona,RESIDENCE,PRESENT,CURRENT / OPEN,live-model/03_VALNEK_PATHS.md#r2r3-ghost-base-and-private-kira,"Private playful/theatrical pretend-Reaper Kira with illi as foil, not a public persona; later organic callsigns OPEN."
024,Kira Builder obsession/community model,BUILDER,PRESENT,CURRENT / OPEN,live-model/03_VALNEK_PATHS.md#r2r3-ghost-base-and-private-kira | builder/COMMUNITY.md#r2r3-early-builder-interest-and-presentation,"Kira initially obsessed with Builder as conceptual forge, illi later; architecture/tree/relationships plus New/Trending/Rising and simple valuation, no required essays/comments; UI/ranking OPEN."
025,R3D1 skipped/off-page,STORY,PRESENT,CURRENT,live-model/STORY_CLOCK_STATE.md#r2r3-developed-red-week-two | live-model/04_COMBAT_WORLD.md#r2r3-first-season-normal-raid-roster,R3D1 may pass off-page as recovery/social; no required combat or chapter is created.
026,Red-season Normal Raid cavern six-route working environment,COMBAT,PRESENT,WORKING,live-model/04_COMBAT_WORLD.md#r2r3-first-season-normal-raid-roster,"Central cavern/nexus with six independent rank-marked routes; designed boss domains, standalone independently attemptable constructs/creatures, not ordinary eldris."
027,Red A Fire Dragon,COMBAT,PRESENT,CURRENT,live-model/04_COMBAT_WORLD.md#r2r3-first-season-normal-raid-roster,"RedA Fire Dragon: physical/Genesis fire, wing/joint/tendon/sensory targets; Guardian physical decision-space without aggro."
028,Red B Burrower,COMBAT,PRESENT,CURRENT,live-model/04_COMBAT_WORLD.md#r2r3-first-season-normal-raid-roster,"RedB Burrower: armored subterranean, ground telegraphs, predict emergence/attack windows/interfere retreat."
029,Orange A Coherence Twins,COMBAT,PRESENT,CURRENT,live-model/04_COMBAT_WORLD.md#r2r3-first-season-normal-raid-roster,OrangeA Coherence Twins: localized overlapping Fields mutually restore; separation and approximate5+5 simultaneous fights; losing separation permits recovery.
030,Orange B Shardfield Decoherence anchors,COMBAT,PRESENT,CURRENT,live-model/04_COMBAT_WORLD.md#r2r3-first-season-normal-raid-roster,"OrangeB Shardfield: shard/anchors bounded Decoherence/dissolution, enclosure/reposition/escape geometry; no subdivision/add-spawn requirement."
031,Yellow Glasswing aerial/healer/wing-break mechanic,COMBAT,PRESENT,CURRENT / OPEN,live-model/04_COMBAT_WORLD.md#r2r3-first-season-normal-raid-roster,"Yellow Glasswing: airborne ranged healer-heavy phase, PC/DC/later Absorption, wing disruption/crash then melee/Guardian; legal equipment possible, exact tool OPEN."
032,Green Walking Fortress Absorption+charge mechanic,COMBAT,PRESENT,CURRENT,live-model/04_COMBAT_WORLD.md#r2r3-first-season-normal-raid-roster,"Green Walking Fortress: quadruped repeated Absorption Shield, pressure versus maintenance/recovery fatigue race and repeated charges."
033,Walking Fortress 5+5 ping-pong/front-limb strategy,COMBAT,PRESENT,CURRENT,live-model/04_COMBAT_WORLD.md#r2r3-first-season-normal-raid-roster,"Approx5+5 opposite ends induce charges through concentration, evade/reform/focus same front limb at shield breaks/turnarounds; emergent not aggro/taunt or Elara tutorial."
034,Raid boss difficulty physical/Genesis geometry not HP inflation,COMBAT,PRESENT,CURRENT,live-model/04_COMBAT_WORLD.md#r2r3-first-season-normal-raid-roster,"Anatomy/Genesis architecture/behavior/environment/fatigue/coordinated geometry, not primarily inflated HP. No atomic-eldris record changes."
035,once-per-specific-boss-per-season payout remains,REWARDS,PRESENT,LOCKED,combat-rewards/README.md#r2r3-cumulative-income-and-narrative-doctrine,"Once per participant per specific boss per season; separate same-rank bosses can pay, existing mode/opportunity distinction retained."
036,extra Red+Orange = +6250 per girl wallet surplus,REWARDS,PRESENT,CONDITIONAL / OPEN,combat-rewards/README.md#r2r3-cumulative-income-and-narrative-doctrine | live-model/04_COMBAT_WORLD.md#r2r3-first-season-normal-raid-roster,"If later authored, additional Red2500+Orange3750=6250each/12500combined wallet surplus; no extra clear currently booked, no altered progression ledger or purchase dates."
