source,line,decision,classification,result,destinations,qualifications
provenance/live-model-full-repair-2026-10-08/package/package/LIVE_MODEL_DELTA.md,4,R5D4 OPEN.,CURRENT_AUTHOR_DELTA,PRESENT,world-clock/WORLD_CLOCK.md | live-model/RAEON.md | world-clock/WORLD_CLOCK_TEMPLATE.csv | world-clock/RED_TO_ORANGE_COMBAT_CALENDAR.json | world-clock/ARC3_ORANGE_CALENDAR.json | story/ARC_02/ARC.md,OPENs remain OPEN; approximately priced Armor is not an exact debit; no later calendar change.
provenance/live-model-full-repair-2026-10-08/package/package/LIVE_MODEL_DELTA.md,5,"R7D6 10:00 seasonal raeon entry -> EARLY KNOCKOUT -> existing Duo W10 later; +1,950 preserved.",CURRENT_AUTHOR_DELTA,PRESENT,world-clock/WORLD_CLOCK.md | live-model/RAEON.md | world-clock/WORLD_CLOCK_TEMPLATE.csv | world-clock/RED_TO_ORANGE_COMBAT_CALENDAR.json | world-clock/ARC3_ORANGE_CALENDAR.json | story/ARC_02/ARC.md,OPENs remain OPEN; approximately priced Armor is not an exact debit; no later calendar change.
provenance/live-model-full-repair-2026-10-08/package/package/LIVE_MODEL_DELTA.md,6,"R7D7 Orange x2 unchanged +2,040.",CURRENT_AUTHOR_DELTA,PRESENT,world-clock/WORLD_CLOCK.md | live-model/RAEON.md | world-clock/WORLD_CLOCK_TEMPLATE.csv | world-clock/RED_TO_ORANGE_COMBAT_CALENDAR.json | world-clock/ARC3_ORANGE_CALENDAR.json | story/ARC_02/ARC.md,OPENs remain OPEN; approximately priced Armor is not an exact debit; no later calendar change.
provenance/live-model-full-repair-2026-10-08/package/package/LIVE_MODEL_DELTA.md,7,O5D1 OPEN.,CURRENT_AUTHOR_DELTA,PRESENT,world-clock/WORLD_CLOCK.md | live-model/RAEON.md | world-clock/WORLD_CLOCK_TEMPLATE.csv | world-clock/RED_TO_ORANGE_COMBAT_CALENDAR.json | world-clock/ARC3_ORANGE_CALENDAR.json | story/ARC_02/ARC.md,OPENs remain OPEN; approximately priced Armor is not an exact debit; no later calendar change.
provenance/live-model-full-repair-2026-10-08/package/package/LIVE_MODEL_DELTA.md,8,O5D6 OPEN.,CURRENT_AUTHOR_DELTA,PRESENT,world-clock/WORLD_CLOCK.md | live-model/RAEON.md | world-clock/WORLD_CLOCK_TEMPLATE.csv | world-clock/RED_TO_ORANGE_COMBAT_CALENDAR.json | world-clock/ARC3_ORANGE_CALENDAR.json | story/ARC_02/ARC.md,OPENs remain OPEN; approximately priced Armor is not an exact debit; no later calendar change.
provenance/live-model-full-repair-2026-10-08/package/package/LIVE_MODEL_DELTA.md,9,O7D5 mandatory post-domai recovery / otherwise OPEN; no championship viewing.,CURRENT_AUTHOR_DELTA,PRESENT,world-clock/WORLD_CLOCK.md | live-model/RAEON.md | world-clock/WORLD_CLOCK_TEMPLATE.csv | world-clock/RED_TO_ORANGE_COMBAT_CALENDAR.json | world-clock/ARC3_ORANGE_CALENDAR.json | story/ARC_02/ARC.md,OPENs remain OPEN; approximately priced Armor is not an exact debit; no later calendar change.
provenance/live-model-full-repair-2026-10-08/package/package/LIVE_MODEL_DELTA.md,10,"O7D6 10:00 seasonal raeon entry -> EARLY KNOCKOUT -> existing Duo W17 later; +5,805 preserved.",CURRENT_AUTHOR_DELTA,PRESENT,world-clock/WORLD_CLOCK.md | live-model/RAEON.md | world-clock/WORLD_CLOCK_TEMPLATE.csv | world-clock/RED_TO_ORANGE_COMBAT_CALENDAR.json | world-clock/ARC3_ORANGE_CALENDAR.json | story/ARC_02/ARC.md,OPENs remain OPEN; approximately priced Armor is not an exact debit; no later calendar change.
provenance/live-model-full-repair-2026-10-08/package/package/LIVE_MODEL_DELTA.md,11,"O7D7 Orange x1 unchanged +1,020.",CURRENT_AUTHOR_DELTA,PRESENT,world-clock/WORLD_CLOCK.md | live-model/RAEON.md | world-clock/WORLD_CLOCK_TEMPLATE.csv | world-clock/RED_TO_ORANGE_COMBAT_CALENDAR.json | world-clock/ARC3_ORANGE_CALENDAR.json | story/ARC_02/ARC.md,OPENs remain OPEN; approximately priced Armor is not an exact debit; no later calendar change.
provenance/live-model-full-repair-2026-10-08/package/package/LIVE_MODEL_DELTA.md,12,"These are date-specific Red/Orange repairs, NOT a new global tournament template. Daily 10:00 raeon remains separate.",CURRENT_AUTHOR_DELTA,PRESENT,world-clock/WORLD_CLOCK.md | live-model/RAEON.md | world-clock/WORLD_CLOCK_TEMPLATE.csv | world-clock/RED_TO_ORANGE_COMBAT_CALENDAR.json | world-clock/ARC3_ORANGE_CALENDAR.json | story/ARC_02/ARC.md,OPENs remain OPEN; approximately priced Armor is not an exact debit; no later calendar change.
provenance/live-model-full-repair-2026-10-08/package/package/LIVE_MODEL_DELTA.md,15,"PC Blue / White Legacy = O1D3 immediately after Duo W10; 26,657 before purchase; cost25,705; minimum illi balance952.",CURRENT_AUTHOR_DELTA,PRESENT,world-clock/ILLI_AUTHOR_PROGRESSION_LEDGER.json | world-clock/RED_TO_ORANGE_COMBAT_CALENDAR.json | world-clock/KIRA_CREDIT_LEDGER.json,OPENs remain OPEN; approximately priced Armor is not an exact debit; no later calendar change.
provenance/live-model-full-repair-2026-10-08/package/package/LIVE_MODEL_DELTA.md,16,"Absorption Red = O2D2 immediately after Duo W10; 9,392 before purchase; cost9,350; minimum illi balance42.",CURRENT_AUTHOR_DELTA,PRESENT,world-clock/ILLI_AUTHOR_PROGRESSION_LEDGER.json | world-clock/RED_TO_ORANGE_COMBAT_CALENDAR.json | world-clock/KIRA_CREDIT_LEDGER.json,OPENs remain OPEN; approximately priced Armor is not an exact debit; no later calendar change.
provenance/live-model-full-repair-2026-10-08/package/package/LIVE_MODEL_DELTA.md,17,"Kira CSR = O2D3; cost61,017; exact date LOCKED.",CURRENT_AUTHOR_DELTA,PRESENT,world-clock/ILLI_AUTHOR_PROGRESSION_LEDGER.json | world-clock/RED_TO_ORANGE_COMBAT_CALENDAR.json | world-clock/KIRA_CREDIT_LEDGER.json,OPENs remain OPEN; approximately priced Armor is not an exact debit; no later calendar change.
provenance/live-model-full-repair-2026-10-08/package/package/LIVE_MODEL_DELTA.md,20,"R4D5 Burrower Red-B CLEAR +2,500 each actual/discretionary surplus outside minimum illi ledger.",CURRENT_AUTHOR_DELTA,PRESENT,live-model/01_KIRA.md | live-model/ILLI_PROGRESSION.md | live-model/STORY_CLOCK_STATE.md | visual-references/CITY_LOCATION_REGISTRY.csv | world-clock/KIRA_CREDIT_LEDGER.json,OPENs remain OPEN; approximately priced Armor is not an exact debit; no later calendar change.
provenance/live-model-full-repair-2026-10-08/package/package/LIVE_MODEL_DELTA.md,21,"R6D6 Coherence Twins Orange-A CLEAR +3,750 booked.",CURRENT_AUTHOR_DELTA,PRESENT,live-model/01_KIRA.md | live-model/ILLI_PROGRESSION.md | live-model/STORY_CLOCK_STATE.md | visual-references/CITY_LOCATION_REGISTRY.csv | world-clock/KIRA_CREDIT_LEDGER.json,OPENs remain OPEN; approximately priced Armor is not an exact debit; no later calendar change.
provenance/live-model-full-repair-2026-10-08/package/package/LIVE_MODEL_DELTA.md,22,R5D4 no seasonal tournament.,CURRENT_AUTHOR_DELTA,PRESENT,live-model/01_KIRA.md | live-model/ILLI_PROGRESSION.md | live-model/STORY_CLOCK_STATE.md | visual-references/CITY_LOCATION_REGISTRY.csv | world-clock/KIRA_CREDIT_LEDGER.json,OPENs remain OPEN; approximately priced Armor is not an exact debit; no later calendar change.
provenance/live-model-full-repair-2026-10-08/package/package/LIVE_MODEL_DELTA.md,23,"R2D5 illi W2 intentional bad run, not ceiling.",CURRENT_AUTHOR_DELTA,PRESENT,live-model/01_KIRA.md | live-model/ILLI_PROGRESSION.md | live-model/STORY_CLOCK_STATE.md | visual-references/CITY_LOCATION_REGISTRY.csv | world-clock/KIRA_CREDIT_LEDGER.json,OPENs remain OPEN; approximately priced Armor is not an exact debit; no later calendar change.
provenance/live-model-full-repair-2026-10-08/package/package/LIVE_MODEL_DELTA.md,24,illi conventional bow competent from entry.,CURRENT_AUTHOR_DELTA,PRESENT,live-model/01_KIRA.md | live-model/ILLI_PROGRESSION.md | live-model/STORY_CLOCK_STATE.md | visual-references/CITY_LOCATION_REGISTRY.csv | world-clock/KIRA_CREDIT_LEDGER.json,OPENs remain OPEN; approximately priced Armor is not an exact debit; no later calendar change.
provenance/live-model-full-repair-2026-10-08/package/package/LIVE_MODEL_DELTA.md,25,Kaevren locked rival name.,CURRENT_AUTHOR_DELTA,PRESENT,live-model/01_KIRA.md | live-model/ILLI_PROGRESSION.md | live-model/STORY_CLOCK_STATE.md | visual-references/CITY_LOCATION_REGISTRY.csv | world-clock/KIRA_CREDIT_LEDGER.json,OPENs remain OPEN; approximately priced Armor is not an exact debit; no later calendar change.
provenance/live-model-full-repair-2026-10-08/package/package/LIVE_MODEL_DELTA.md,26,Kira family: Maelor/Naira/Caelen/Vaedren/Laina.,CURRENT_AUTHOR_DELTA,PRESENT,live-model/01_KIRA.md | live-model/ILLI_PROGRESSION.md | live-model/STORY_CLOCK_STATE.md | visual-references/CITY_LOCATION_REGISTRY.csv | world-clock/KIRA_CREDIT_LEDGER.json,OPENs remain OPEN; approximately priced Armor is not an exact debit; no later calendar change.
provenance/live-model-full-repair-2026-10-08/package/package/LIVE_MODEL_DELTA.md,27,007 bookstore; Opening Celebration hub 008.,CURRENT_AUTHOR_DELTA,PRESENT,live-model/01_KIRA.md | live-model/ILLI_PROGRESSION.md | live-model/STORY_CLOCK_STATE.md | visual-references/CITY_LOCATION_REGISTRY.csv | world-clock/KIRA_CREDIT_LEDGER.json,OPENs remain OPEN; approximately priced Armor is not an exact debit; no later calendar change.
provenance/live-model-full-repair-2026-10-08/package/package/LIVE_MODEL_DELTA.md,30,O1D6 Sixfold Red-A CLEAR/pay; Triumvirate Red-B CLEAR/pay; Black Orchard Orange-A FAIL; Weaver/Wayfarer/Bloom not attempted.,CURRENT_AUTHOR_DELTA,PRESENT,live-model/04_COMBAT_WORLD.md | live-model/COMBAT_ECOLOGY.md | world-clock/KIRA_CREDIT_LEDGER.json | world-clock/ARC3_ECONOMY_AUDIT.json,OPENs remain OPEN; approximately priced Armor is not an exact debit; no later calendar change.
provenance/live-model-full-repair-2026-10-08/package/package/LIVE_MODEL_DELTA.md,31,"Both Red first clears = +5,000 each actual on O1D6. Existing minimum scaffold may book one +2,500; second +2,500 must exist in actual/discretionary accounting.",CURRENT_AUTHOR_DELTA,PRESENT,live-model/04_COMBAT_WORLD.md | live-model/COMBAT_ECOLOGY.md | world-clock/KIRA_CREDIT_LEDGER.json | world-clock/ARC3_ECONOMY_AUDIT.json,OPENs remain OPEN; approximately priced Armor is not an exact debit; no later calendar change.
provenance/live-model-full-repair-2026-10-08/package/package/LIVE_MODEL_DELTA.md,32,"O4D2 Red repeats unpaid; Black Orchard CLEAR +3,750 each ONLY.",CURRENT_AUTHOR_DELTA,PRESENT,live-model/04_COMBAT_WORLD.md | live-model/COMBAT_ECOLOGY.md | world-clock/KIRA_CREDIT_LEDGER.json | world-clock/ARC3_ECONOMY_AUDIT.json,OPENs remain OPEN; approximately priced Armor is not an exact debit; no later calendar change.
provenance/live-model-full-repair-2026-10-08/package/package/LIVE_MODEL_DELTA.md,33,No third Red boss/payment.,CURRENT_AUTHOR_DELTA,PRESENT,live-model/04_COMBAT_WORLD.md | live-model/COMBAT_ECOLOGY.md | world-clock/KIRA_CREDIT_LEDGER.json | world-clock/ARC3_ECONOMY_AUDIT.json,OPENs remain OPEN; approximately priced Armor is not an exact debit; no later calendar change.
provenance/live-model-full-repair-2026-10-08/package/package/LIVE_MODEL_DELTA.md,35,"Roster mechanics remain current: Sixfold, Triumvirate, Black Orchard, Weaver, Wayfarer, The Bloom.",CURRENT_AUTHOR_DELTA,PRESENT,live-model/04_COMBAT_WORLD.md | live-model/COMBAT_ECOLOGY.md | world-clock/KIRA_CREDIT_LEDGER.json | world-clock/ARC3_ECONOMY_AUDIT.json,OPENs remain OPEN; approximately priced Armor is not an exact debit; no later calendar change.
provenance/live-model-full-repair-2026-10-08/package/package/LIVE_MODEL_DELTA.md,38,"Same seasonal bosses as Normal. Continuous hostile environment, cumulative fatigue, no systemic reset; roster locked; death re-instances outside and cannot rejoin/replace; survivors can continue reduced; total elimination/abandonment resets entire instance from ingress; reward eligibility persists. Practical accessibility emerges from depth of build.",CURRENT_AUTHOR_DELTA,PRESENT,live-model/COMBAT_ECOLOGY.md | live-model/04_COMBAT_WORLD.md,OPENs remain OPEN; approximately priced Armor is not an exact debit; no later calendar change.
provenance/live-model-full-repair-2026-10-08/package/package/LIVE_MODEL_DELTA.md,41,"O3D4 retains Kira late Solo W14 +3,855 while illi independently works Solo frontier.",CURRENT_AUTHOR_DELTA,PRESENT,live-model/STORY_CLOCK_STATE.md | story/ARC_03/ARC.md | world-clock/ARC3_ORANGE_CALENDAR.json,OPENs remain OPEN; approximately priced Armor is not an exact debit; no later calendar change.
provenance/live-model-full-repair-2026-10-08/package/package/LIVE_MODEL_DELTA.md,42,O4D7 noble gala with illi/Kira/Kaevren.,CURRENT_AUTHOR_DELTA,PRESENT,live-model/STORY_CLOCK_STATE.md | story/ARC_03/ARC.md | world-clock/ARC3_ORANGE_CALENDAR.json,OPENs remain OPEN; approximately priced Armor is not an exact debit; no later calendar change.
provenance/live-model-full-repair-2026-10-08/package/package/LIVE_MODEL_DELTA.md,43,O5D3 smithy then Kira late Solo W15.,CURRENT_AUTHOR_DELTA,PRESENT,live-model/STORY_CLOCK_STATE.md | story/ARC_03/ARC.md | world-clock/ARC3_ORANGE_CALENDAR.json,OPENs remain OPEN; approximately priced Armor is not an exact debit; no later calendar change.
provenance/live-model-full-repair-2026-10-08/package/package/LIVE_MODEL_DELTA.md,44,O6D4 royal breakfast then Kira late Solo W15.,CURRENT_AUTHOR_DELTA,PRESENT,live-model/STORY_CLOCK_STATE.md | story/ARC_03/ARC.md | world-clock/ARC3_ORANGE_CALENDAR.json,OPENs remain OPEN; approximately priced Armor is not an exact debit; no later calendar change.
provenance/live-model-full-repair-2026-10-08/package/package/LIVE_MODEL_DELTA.md,45,O7D2 smithy/family lunch + Builder then Kira late Solo W16.,CURRENT_AUTHOR_DELTA,PRESENT,live-model/STORY_CLOCK_STATE.md | story/ARC_03/ARC.md | world-clock/ARC3_ORANGE_CALENDAR.json,OPENs remain OPEN; approximately priced Armor is not an exact debit; no later calendar change.
provenance/live-model-full-repair-2026-10-08/package/package/LIVE_MODEL_DELTA.md,46,Other supplied social overlays in STORY_CLOCK_STATE survive.,CURRENT_AUTHOR_DELTA,PRESENT,live-model/STORY_CLOCK_STATE.md | story/ARC_03/ARC.md | world-clock/ARC3_ORANGE_CALENDAR.json,OPENs remain OPEN; approximately priced Armor is not an exact debit; no later calendar change.
provenance/live-model-full-repair-2026-10-08/package/package/KIRA_LEDGER_SPEC.md,3,"Create a first-class machine-readable ledger, preferably:",TASK_REQUIREMENT_OR_AUDIT_EVIDENCE,PRESENT,tools/validation/validate_kira_ledger.py | world-clock/KIRA_CREDIT_LEDGER.json,OPENs remain OPEN; approximately priced Armor is not an exact debit; no later calendar change.
provenance/live-model-full-repair-2026-10-08/package/package/KIRA_LEDGER_SPEC.md,4,`world-clock/KIRA_CREDIT_LEDGER.csv`,TASK_REQUIREMENT_OR_AUDIT_EVIDENCE,PRESENT,tools/validation/validate_kira_ledger.py | world-clock/KIRA_CREDIT_LEDGER.json,OPENs remain OPEN; approximately priced Armor is not an exact debit; no later calendar change.
provenance/live-model-full-repair-2026-10-08/package/package/KIRA_LEDGER_SPEC.md,5,"and JSON mirror, plus validator.",TASK_REQUIREMENT_OR_AUDIT_EVIDENCE,PRESENT,tools/validation/validate_kira_ledger.py | world-clock/KIRA_CREDIT_LEDGER.json,OPENs remain OPEN; approximately priced Armor is not an exact debit; no later calendar change.
provenance/live-model-full-repair-2026-10-08/package/package/KIRA_LEDGER_SPEC.md,7,Scope first required proof: R1D1 through O2D3.,TASK_REQUIREMENT_OR_AUDIT_EVIDENCE,PRESENT,tools/validation/validate_kira_ledger.py | world-clock/KIRA_CREDIT_LEDGER.json,OPENs remain OPEN; approximately priced Armor is not an exact debit; no later calendar change.
provenance/live-model-full-repair-2026-10-08/package/package/KIRA_LEDGER_SPEC.md,9,Columns at minimum:,TASK_REQUIREMENT_OR_AUDIT_EVIDENCE,PRESENT,tools/validation/validate_kira_ledger.py | world-clock/KIRA_CREDIT_LEDGER.json,OPENs remain OPEN; approximately priced Armor is not an exact debit; no later calendar change.
provenance/live-model-full-repair-2026-10-08/package/package/KIRA_LEDGER_SPEC.md,10,"season,week,day,event,source_kind,kira_credits_earned,kira_progression_spend,kira_actual_surplus_earned,kira_minimum_running_gross,kira_actual_running_gross,notes/source.",TASK_REQUIREMENT_OR_AUDIT_EVIDENCE,PRESENT,tools/validation/validate_kira_ledger.py | world-clock/KIRA_CREDIT_LEDGER.json,OPENs remain OPEN; approximately priced Armor is not an exact debit; no later calendar change.
provenance/live-model-full-repair-2026-10-08/package/package/KIRA_LEDGER_SPEC.md,12,Rules:,TASK_REQUIREMENT_OR_AUDIT_EVIDENCE,PRESENT,tools/validation/validate_kira_ledger.py | world-clock/KIRA_CREDIT_LEDGER.json,OPENs remain OPEN; approximately priced Armor is not an exact debit; no later calendar change.
provenance/live-model-full-repair-2026-10-08/package/package/KIRA_LEDGER_SPEC.md,13,- derive Trial rewards from trial-rewards/TRIAL_WAVE_CREDITS.csv;,TASK_REQUIREMENT_OR_AUDIT_EVIDENCE,PRESENT,tools/validation/validate_kira_ledger.py | world-clock/KIRA_CREDIT_LEDGER.json,OPENs remain OPEN; approximately priced Armor is not an exact debit; no later calendar change.
provenance/live-model-full-repair-2026-10-08/package/package/KIRA_LEDGER_SPEC.md,14,- derive Dungeon rewards from combat-rewards/DUNGEON_REWARDS.csv;,TASK_REQUIREMENT_OR_AUDIT_EVIDENCE,PRESENT,tools/validation/validate_kira_ledger.py | world-clock/KIRA_CREDIT_LEDGER.json,OPENs remain OPEN; approximately priced Armor is not an exact debit; no later calendar change.
provenance/live-model-full-repair-2026-10-08/package/package/KIRA_LEDGER_SPEC.md,15,- derive Raid rewards from combat-rewards/RAID_BOSS_REWARDS.csv;,TASK_REQUIREMENT_OR_AUDIT_EVIDENCE,PRESENT,tools/validation/validate_kira_ledger.py | world-clock/KIRA_CREDIT_LEDGER.json,OPENs remain OPEN; approximately priced Armor is not an exact debit; no later calendar change.
provenance/live-model-full-repair-2026-10-08/package/package/KIRA_LEDGER_SPEC.md,16,- shared paid event gives Kira same per-participant completion reward unless source explicitly differs;,TASK_REQUIREMENT_OR_AUDIT_EVIDENCE,PRESENT,tools/validation/validate_kira_ledger.py | world-clock/KIRA_CREDIT_LEDGER.json,OPENs remain OPEN; approximately priced Armor is not an exact debit; no later calendar change.
provenance/live-model-full-repair-2026-10-08/package/package/KIRA_LEDGER_SPEC.md,17,- Kira-only Solo rewards belong to Kira;,TASK_REQUIREMENT_OR_AUDIT_EVIDENCE,PRESENT,tools/validation/validate_kira_ledger.py | world-clock/KIRA_CREDIT_LEDGER.json,OPENs remain OPEN; approximately priced Armor is not an exact debit; no later calendar change.
provenance/live-model-full-repair-2026-10-08/package/package/KIRA_LEDGER_SPEC.md,18,- illi-only Solo rewards do NOT belong to Kira;,TASK_REQUIREMENT_OR_AUDIT_EVIDENCE,PRESENT,tools/validation/validate_kira_ledger.py | world-clock/KIRA_CREDIT_LEDGER.json,OPENs remain OPEN; approximately priced Armor is not an exact debit; no later calendar change.
provenance/live-model-full-repair-2026-10-08/package/package/KIRA_LEDGER_SPEC.md,19,- failed encounters pay only when an authoritative partial-progress rule supplies an exact reward; otherwise zero/OPEN as current source requires;,TASK_REQUIREMENT_OR_AUDIT_EVIDENCE,PRESENT,tools/validation/validate_kira_ledger.py | world-clock/KIRA_CREDIT_LEDGER.json,OPENs remain OPEN; approximately priced Armor is not an exact debit; no later calendar change.
provenance/live-model-full-repair-2026-10-08/package/package/KIRA_LEDGER_SPEC.md,20,"- R4D5 Burrower +2,500 = authored actual/discretionary surplus;",TASK_REQUIREMENT_OR_AUDIT_EVIDENCE,PRESENT,tools/validation/validate_kira_ledger.py | world-clock/KIRA_CREDIT_LEDGER.json,OPENs remain OPEN; approximately priced Armor is not an exact debit; no later calendar change.
provenance/live-model-full-repair-2026-10-08/package/package/KIRA_LEDGER_SPEC.md,21,"- O1D6 second Red (Triumvirate) +2,500 = authored actual/discretionary surplus;",TASK_REQUIREMENT_OR_AUDIT_EVIDENCE,PRESENT,tools/validation/validate_kira_ledger.py | world-clock/KIRA_CREDIT_LEDGER.json,OPENs remain OPEN; approximately priced Armor is not an exact debit; no later calendar change.
provenance/live-model-full-repair-2026-10-08/package/package/KIRA_LEDGER_SPEC.md,22,- do not fabricate domai payout.,TASK_REQUIREMENT_OR_AUDIT_EVIDENCE,PRESENT,tools/validation/validate_kira_ledger.py | world-clock/KIRA_CREDIT_LEDGER.json,OPENs remain OPEN; approximately priced Armor is not an exact debit; no later calendar change.
provenance/live-model-full-repair-2026-10-08/package/package/KIRA_LEDGER_SPEC.md,23,"- CSR spend 61,017 occurs O2D3.",TASK_REQUIREMENT_OR_AUDIT_EVIDENCE,PRESENT,tools/validation/validate_kira_ledger.py | world-clock/KIRA_CREDIT_LEDGER.json,OPENs remain OPEN; approximately priced Armor is not an exact debit; no later calendar change.
provenance/live-model-full-repair-2026-10-08/package/package/KIRA_LEDGER_SPEC.md,24,"- If Armor/starter purchase is a locked pre-CSR spend in an authoritative source, represent it explicitly; if not numerically locked, do not invent it.",TASK_REQUIREMENT_OR_AUDIT_EVIDENCE,PRESENT,tools/validation/validate_kira_ledger.py | world-clock/KIRA_CREDIT_LEDGER.json,OPENs remain OPEN; approximately priced Armor is not an exact debit; no later calendar change.
provenance/live-model-full-repair-2026-10-08/package/package/KIRA_LEDGER_SPEC.md,26,CRITICAL: validator must recompute Kira row-by-row from source tables. Never derive Kira from illi totals.,TASK_REQUIREMENT_OR_AUDIT_EVIDENCE,PRESENT,tools/validation/validate_kira_ledger.py | world-clock/KIRA_CREDIT_LEDGER.json,OPENs remain OPEN; approximately priced Armor is not an exact debit; no later calendar change.
provenance/live-model-full-repair-2026-10-08/package/package/KIRA_LEDGER_SPEC.md,28,"Expected authored combat-gross checkpoint before CSR from current live model is 63,705 credits. Validator must independently reproduce or flag mismatch, with a per-row diff. Do not hard-code 63,705 as a substitute for computation.",TASK_REQUIREMENT_OR_AUDIT_EVIDENCE,PRESENT,tools/validation/validate_kira_ledger.py | world-clock/KIRA_CREDIT_LEDGER.json,OPENs remain OPEN; approximately priced Armor is not an exact debit; no later calendar change.
provenance/live-model-full-repair-2026-10-08/package/package/KIRA_LEDGER_SPEC.md,30,CSR affordability invariant:,TASK_REQUIREMENT_OR_AUDIT_EVIDENCE,PRESENT,tools/validation/validate_kira_ledger.py | world-clock/KIRA_CREDIT_LEDGER.json,OPENs remain OPEN; approximately priced Armor is not an exact debit; no later calendar change.
provenance/live-model-full-repair-2026-10-08/package/package/KIRA_LEDGER_SPEC.md,31,"actual/progression-eligible Kira funds immediately before O2D3 CSR must be >=61,017 using only sourced transactions. If a locked pre-CSR spend makes that false, FAIL and report exact row causing it; do not alter calendar automatically.",TASK_REQUIREMENT_OR_AUDIT_EVIDENCE,PRESENT,tools/validation/validate_kira_ledger.py | world-clock/KIRA_CREDIT_LEDGER.json,OPENs remain OPEN; approximately priced Armor is not an exact debit; no later calendar change.
provenance/live-model-full-repair-2026-10-08/package/package/STALE_GIT_AUDIT.md,3,1 `world-clock/WORLD_CLOCK.md` still contains stale Checkpoint19 current-readable claims:,TASK_REQUIREMENT_OR_AUDIT_EVIDENCE,PRESENT,tools/validation/validate_full_repair.py | provenance/live-model-full-repair-2026-10-08/COMPLETION_REPORT.md,OPENs remain OPEN; approximately priced Armor is not an exact debit; no later calendar change.
provenance/live-model-full-repair-2026-10-08/package/package/STALE_GIT_AUDIT.md,4,R5D4 eliminated; O5D1 qualification; O5D6 elimination; O7D5 championship viewing. Clean/supersede for Red/Orange.,TASK_REQUIREMENT_OR_AUDIT_EVIDENCE,PRESENT,tools/validation/validate_full_repair.py | provenance/live-model-full-repair-2026-10-08/COMPLETION_REPORT.md,OPENs remain OPEN; approximately priced Armor is not an exact debit; no later calendar change.
provenance/live-model-full-repair-2026-10-08/package/package/STALE_GIT_AUDIT.md,6,"2 `story/ARC_02/ARC.md` still contains an earlier scaffold sentence saying R5D4 raeon participation/elimination, while later text says OPEN. Remove contradiction; current = OPEN.",TASK_REQUIREMENT_OR_AUDIT_EVIDENCE,PRESENT,tools/validation/validate_full_repair.py | provenance/live-model-full-repair-2026-10-08/COMPLETION_REPORT.md,OPENs remain OPEN; approximately priced Armor is not an exact debit; no later calendar change.
provenance/live-model-full-repair-2026-10-08/package/package/STALE_GIT_AUDIT.md,8,"3 `live-model/04_COMBAT_WORLD.md` retains stale wording that O4D2 paid Red must be a distinct unpaid boss from O1D6. Current = both Reds paid O1D6; O4D2 Red repeats unpaid; Black Orchard +3,750 only.",TASK_REQUIREMENT_OR_AUDIT_EVIDENCE,PRESENT,tools/validation/validate_full_repair.py | provenance/live-model-full-repair-2026-10-08/COMPLETION_REPORT.md,OPENs remain OPEN; approximately priced Armor is not an exact debit; no later calendar change.
provenance/live-model-full-repair-2026-10-08/package/package/STALE_GIT_AUDIT.md,10,4 `world-clock/ARC3_ECONOMY_AUDIT.json` is stale:,TASK_REQUIREMENT_OR_AUDIT_EVIDENCE,PRESENT,tools/validation/validate_full_repair.py | provenance/live-model-full-repair-2026-10-08/COMPLETION_REPORT.md,OPENs remain OPEN; approximately priced Armor is not an exact debit; no later calendar change.
provenance/live-model-full-repair-2026-10-08/package/package/STALE_GIT_AUDIT.md,11,- event kind counts still include Tournament=2 and Recovery/Tournament=1;,TASK_REQUIREMENT_OR_AUDIT_EVIDENCE,PRESENT,tools/validation/validate_full_repair.py | provenance/live-model-full-repair-2026-10-08/COMPLETION_REPORT.md,OPENs remain OPEN; approximately priced Armor is not an exact debit; no later calendar change.
provenance/live-model-full-repair-2026-10-08/package/package/STALE_GIT_AUDIT.md,12,"- Raid income still 6,250 each;",TASK_REQUIREMENT_OR_AUDIT_EVIDENCE,PRESENT,tools/validation/validate_full_repair.py | provenance/live-model-full-repair-2026-10-08/COMPLETION_REPORT.md,OPENs remain OPEN; approximately priced Armor is not an exact debit; no later calendar change.
provenance/live-model-full-repair-2026-10-08/package/package/STALE_GIT_AUDIT.md,13,"- deterministic gross still 58,885 illi /83,915 Kira;",TASK_REQUIREMENT_OR_AUDIT_EVIDENCE,PRESENT,tools/validation/validate_full_repair.py | provenance/live-model-full-repair-2026-10-08/COMPLETION_REPORT.md,OPENs remain OPEN; approximately priced Armor is not an exact debit; no later calendar change.
provenance/live-model-full-repair-2026-10-08/package/package/STALE_GIT_AUDIT.md,14,- tournament_dates still old R5D4/O5D1/O5D6/O7D5;,TASK_REQUIREMENT_OR_AUDIT_EVIDENCE,PRESENT,tools/validation/validate_full_repair.py | provenance/live-model-full-repair-2026-10-08/COMPLETION_REPORT.md,OPENs remain OPEN; approximately priced Armor is not an exact debit; no later calendar change.
provenance/live-model-full-repair-2026-10-08/package/package/STALE_GIT_AUDIT.md,15,- raid_eligibility_constraint still says O4D2 needs distinct unpaid Red;,TASK_REQUIREMENT_OR_AUDIT_EVIDENCE,PRESENT,tools/validation/validate_full_repair.py | provenance/live-model-full-repair-2026-10-08/COMPLETION_REPORT.md,OPENs remain OPEN; approximately priced Armor is not an exact debit; no later calendar change.
provenance/live-model-full-repair-2026-10-08/package/package/STALE_GIT_AUDIT.md,16,- hashes correspond to old source state.,TASK_REQUIREMENT_OR_AUDIT_EVIDENCE,PRESENT,tools/validation/validate_full_repair.py | provenance/live-model-full-repair-2026-10-08/COMPLETION_REPORT.md,OPENs remain OPEN; approximately priced Armor is not an exact debit; no later calendar change.
provenance/live-model-full-repair-2026-10-08/package/package/STALE_GIT_AUDIT.md,17,"Regenerate this audit from CURRENT calendars. Current ARC3 calendar prose reports corrected deterministic gross 56,385 illi /81,415 Kira, but validator/audit must compute it.",TASK_REQUIREMENT_OR_AUDIT_EVIDENCE,PRESENT,tools/validation/validate_full_repair.py | provenance/live-model-full-repair-2026-10-08/COMPLETION_REPORT.md,OPENs remain OPEN; approximately priced Armor is not an exact debit; no later calendar change.
provenance/live-model-full-repair-2026-10-08/package/package/STALE_GIT_AUDIT.md,19,5 Ensure CSV/JSON/MD mirrors agree for RED_TO_ORANGE and ARC3_ORANGE.,TASK_REQUIREMENT_OR_AUDIT_EVIDENCE,PRESENT,tools/validation/validate_full_repair.py | provenance/live-model-full-repair-2026-10-08/COMPLETION_REPORT.md,OPENs remain OPEN; approximately priced Armor is not an exact debit; no later calendar change.
provenance/live-model-full-repair-2026-10-08/package/package/STALE_GIT_AUDIT.md,21,6 Current Git lacks first-class Kira pre-CSR running ledger despite all source events/reward tables existing. Add it per KIRA_LEDGER_SPEC.,TASK_REQUIREMENT_OR_AUDIT_EVIDENCE,PRESENT,tools/validation/validate_full_repair.py | provenance/live-model-full-repair-2026-10-08/COMPLETION_REPORT.md,OPENs remain OPEN; approximately priced Armor is not an exact debit; no later calendar change.
provenance/live-model-full-repair-2026-10-08/package/package/STALE_GIT_AUDIT.md,23,"7 Do not treat historical provenance packages as current authority, but preserve them.",TASK_REQUIREMENT_OR_AUDIT_EVIDENCE,PRESENT,tools/validation/validate_full_repair.py | provenance/live-model-full-repair-2026-10-08/COMPLETION_REPORT.md,OPENs remain OPEN; approximately priced Armor is not an exact debit; no later calendar change.
provenance/live-model-full-repair-2026-10-08/package/package/VERIFY_AFTER.md,2,All required.,TASK_REQUIREMENT_OR_AUDIT_EVIDENCE,PRESENT,tools/validation/validate_full_repair.py | provenance/live-model-full-repair-2026-10-08/COMPLETION_REPORT.md,OPENs remain OPEN; approximately priced Armor is not an exact debit; no later calendar change.
provenance/live-model-full-repair-2026-10-08/package/package/VERIFY_AFTER.md,3,1 R5D4 OPEN in all current Red owners.,TASK_REQUIREMENT_OR_AUDIT_EVIDENCE,PRESENT,tools/validation/validate_full_repair.py | provenance/live-model-full-repair-2026-10-08/COMPLETION_REPORT.md,OPENs remain OPEN; approximately priced Armor is not an exact debit; no later calendar change.
provenance/live-model-full-repair-2026-10-08/package/package/VERIFY_AFTER.md,4,"2 R7D6 early seasonal knockout + same-day Duo W10 +1,950; R7D7 unchanged.",TASK_REQUIREMENT_OR_AUDIT_EVIDENCE,PRESENT,tools/validation/validate_full_repair.py | provenance/live-model-full-repair-2026-10-08/COMPLETION_REPORT.md,OPENs remain OPEN; approximately priced Armor is not an exact debit; no later calendar change.
provenance/live-model-full-repair-2026-10-08/package/package/VERIFY_AFTER.md,5,3 O5D1/O5D6 OPEN in all current Orange owners.,TASK_REQUIREMENT_OR_AUDIT_EVIDENCE,PRESENT,tools/validation/validate_full_repair.py | provenance/live-model-full-repair-2026-10-08/COMPLETION_REPORT.md,OPENs remain OPEN; approximately priced Armor is not an exact debit; no later calendar change.
provenance/live-model-full-repair-2026-10-08/package/package/VERIFY_AFTER.md,6,"4 O7D5 recovery/otherwise OPEN no championship; O7D6 early knockout + Duo W17 +5,805; O7D7 unchanged.",TASK_REQUIREMENT_OR_AUDIT_EVIDENCE,PRESENT,tools/validation/validate_full_repair.py | provenance/live-model-full-repair-2026-10-08/COMPLETION_REPORT.md,OPENs remain OPEN; approximately priced Armor is not an exact debit; no later calendar change.
provenance/live-model-full-repair-2026-10-08/package/package/VERIFY_AFTER.md,7,"5 PC Blue O1D3 balance952; Absorption O2D2 balance42; CSR O2D3 61,017.",TASK_REQUIREMENT_OR_AUDIT_EVIDENCE,PRESENT,tools/validation/validate_full_repair.py | provenance/live-model-full-repair-2026-10-08/COMPLETION_REPORT.md,OPENs remain OPEN; approximately priced Armor is not an exact debit; no later calendar change.
provenance/live-model-full-repair-2026-10-08/package/package/VERIFY_AFTER.md,8,"6 O1D6 two Red clears, Black Orchard fail, later bosses not attempted; second Red actual surplus represented.",TASK_REQUIREMENT_OR_AUDIT_EVIDENCE,PRESENT,tools/validation/validate_full_repair.py | provenance/live-model-full-repair-2026-10-08/COMPLETION_REPORT.md,OPENs remain OPEN; approximately priced Armor is not an exact debit; no later calendar change.
provenance/live-model-full-repair-2026-10-08/package/package/VERIFY_AFTER.md,9,"7 O4D2 Red repeat unpaid + Black Orchard3,750 only.",TASK_REQUIREMENT_OR_AUDIT_EVIDENCE,PRESENT,tools/validation/validate_full_repair.py | provenance/live-model-full-repair-2026-10-08/COMPLETION_REPORT.md,OPENs remain OPEN; approximately priced Armor is not an exact debit; no later calendar change.
provenance/live-model-full-repair-2026-10-08/package/package/VERIFY_AFTER.md,10,8 ARC3_ECONOMY_AUDIT regenerated: no stale Tournament/Recovery-Tournament counts from removed O5/O7 appointments; Raid income and deterministic gross match current ARC3 calendar; old tournament_dates/raid constraint gone.,TASK_REQUIREMENT_OR_AUDIT_EVIDENCE,PRESENT,tools/validation/validate_full_repair.py | provenance/live-model-full-repair-2026-10-08/COMPLETION_REPORT.md,OPENs remain OPEN; approximately priced Armor is not an exact debit; no later calendar change.
provenance/live-model-full-repair-2026-10-08/package/package/VERIFY_AFTER.md,11,9 KIRA_CREDIT_LEDGER exists CSV+JSON (or equivalent first-class machine-readable owners).,TASK_REQUIREMENT_OR_AUDIT_EVIDENCE,PRESENT,tools/validation/validate_full_repair.py | provenance/live-model-full-repair-2026-10-08/COMPLETION_REPORT.md,OPENs remain OPEN; approximately priced Armor is not an exact debit; no later calendar change.
provenance/live-model-full-repair-2026-10-08/package/package/VERIFY_AFTER.md,12,10 Kira ledger validator recomputes every sourced row; does not derive from illi.,TASK_REQUIREMENT_OR_AUDIT_EVIDENCE,PRESENT,tools/validation/validate_full_repair.py | provenance/live-model-full-repair-2026-10-08/COMPLETION_REPORT.md,OPENs remain OPEN; approximately priced Armor is not an exact debit; no later calendar change.
provenance/live-model-full-repair-2026-10-08/package/package/VERIFY_AFTER.md,13,"11 Kira pre-CSR authored combat gross independently computes to63,705 OR validator FAILS with exact sourced row diff; no silent adjustment.",TASK_REQUIREMENT_OR_AUDIT_EVIDENCE,PRESENT,tools/validation/validate_full_repair.py | provenance/live-model-full-repair-2026-10-08/COMPLETION_REPORT.md,OPENs remain OPEN; approximately priced Armor is not an exact debit; no later calendar change.
provenance/live-model-full-repair-2026-10-08/package/package/VERIFY_AFTER.md,14,12 CSR affordability test passes from sourced transactions or explicitly FAILS; no fabricated funding.,TASK_REQUIREMENT_OR_AUDIT_EVIDENCE,PRESENT,tools/validation/validate_full_repair.py | provenance/live-model-full-repair-2026-10-08/COMPLETION_REPORT.md,OPENs remain OPEN; approximately priced Armor is not an exact debit; no later calendar change.
provenance/live-model-full-repair-2026-10-08/package/package/VERIFY_AFTER.md,15,13 story/ARC_02 has no current R5D4 elimination contradiction.,TASK_REQUIREMENT_OR_AUDIT_EVIDENCE,PRESENT,tools/validation/validate_full_repair.py | provenance/live-model-full-repair-2026-10-08/COMPLETION_REPORT.md,OPENs remain OPEN; approximately priced Armor is not an exact debit; no later calendar change.
provenance/live-model-full-repair-2026-10-08/package/package/VERIFY_AFTER.md,16,14 live-model/04_COMBAT_WORLD has no current third/unpaid-Red O4D2 contradiction.,TASK_REQUIREMENT_OR_AUDIT_EVIDENCE,PRESENT,tools/validation/validate_full_repair.py | provenance/live-model-full-repair-2026-10-08/COMPLETION_REPORT.md,OPENs remain OPEN; approximately priced Armor is not an exact debit; no later calendar change.
provenance/live-model-full-repair-2026-10-08/package/package/VERIFY_AFTER.md,17,15 current World Clock Red/Orange language agrees with dated calendars.,TASK_REQUIREMENT_OR_AUDIT_EVIDENCE,PRESENT,tools/validation/validate_full_repair.py | provenance/live-model-full-repair-2026-10-08/COMPLETION_REPORT.md,OPENs remain OPEN; approximately priced Armor is not an exact debit; no later calendar change.
provenance/live-model-full-repair-2026-10-08/package/package/VERIFY_AFTER.md,18,16 Hard Raid doctrine and Orange boss roster survive.,TASK_REQUIREMENT_OR_AUDIT_EVIDENCE,PRESENT,tools/validation/validate_full_repair.py | provenance/live-model-full-repair-2026-10-08/COMPLETION_REPORT.md,OPENs remain OPEN; approximately priced Armor is not an exact debit; no later calendar change.
provenance/live-model-full-repair-2026-10-08/package/package/VERIFY_AFTER.md,19,17 family/Kaevren/illi bow/007 bookstore+008 festival survive.,TASK_REQUIREMENT_OR_AUDIT_EVIDENCE,PRESENT,tools/validation/validate_full_repair.py | provenance/live-model-full-repair-2026-10-08/COMPLETION_REPORT.md,OPENs remain OPEN; approximately priced Armor is not an exact debit; no later calendar change.
provenance/live-model-full-repair-2026-10-08/package/package/VERIFY_AFTER.md,20,18 no Yellow/Green/Blue/Violet/White tournament/calendar repair performed.,TASK_REQUIREMENT_OR_AUDIT_EVIDENCE,PRESENT,tools/validation/validate_full_repair.py | provenance/live-model-full-repair-2026-10-08/COMPLETION_REPORT.md,OPENs remain OPEN; approximately priced Armor is not an exact debit; no later calendar change.
provenance/live-model-full-repair-2026-10-08/package/package/VERIFY_AFTER.md,21,19 no unrelated combat row moved.,TASK_REQUIREMENT_OR_AUDIT_EVIDENCE,PRESENT,tools/validation/validate_full_repair.py | provenance/live-model-full-repair-2026-10-08/COMPLETION_REPORT.md,OPENs remain OPEN; approximately priced Armor is not an exact debit; no later calendar change.
provenance/live-model-full-repair-2026-10-08/package/package/VERIFY_AFTER.md,22,20 relevant validators/audits pass and remote HEAD matches generated mirrors.,TASK_REQUIREMENT_OR_AUDIT_EVIDENCE,PRESENT,tools/validation/validate_full_repair.py | provenance/live-model-full-repair-2026-10-08/COMPLETION_REPORT.md,OPENs remain OPEN; approximately priced Armor is not an exact debit; no later calendar change.
