id,decision,owner
001,27:00 Highlights supersedes governing 25:00,WORLD_CLOCK
002,~26:00 dinner and ~29:00 sleep culture,WORLD_CLOCK
003,calendar is minimum progression income not wallet ceiling,CONSTITUTION
004,extra income does not auto-move Binding dates,CONSTITUTION
005,city stack A/B/C and healthy-density routing,CITY
006,generic load-balance vs specific-instance routing,CITY
007,instance-specific property and nonautomatic inheritance/auction,CITY
008,Kira volcanic island is off-map addressable residence,CITY
009,daily raeon 10:00 with 00:00 registration,RAEON
010,daily raeon load-balanced flagship cohorts,RAEON
011,daily top-six 300/240/190/150/110/70 working payout,RAEON
012,daily separate from seasonal tournament,RAEON
013,Prism variable subdomain/projected boundary,PRISM
014,Prism credit-earning athletic career,PRISM
015,ordinary Prism A-D / singular championship A,PRISM
016,finite championship physical attendance plus remote viewing,PRISM
017,Top-10 Solo Prism skybox privilege,PRISM
018,R2D1 operational block and compression,STORY
019,R2D5 illi death + abecca/raeon + rival interaction,STORY
020,R2D6 W8 then 003 clothing,STORY
021,R2D7 3h15 average x2 and recurring group leader,STORY
022,Ghost Base vs Dread Rainbow distinction,RESIDENCE
023,private playful Kira pretend-Reaper persona,RESIDENCE
024,Kira Builder obsession/community model,BUILDER
025,R3D1 skipped/off-page,STORY
026,Red-season Normal Raid cavern six-route working environment,COMBAT
027,Red A Fire Dragon,COMBAT
028,Red B Burrower,COMBAT
029,Orange A Coherence Twins,COMBAT
030,Orange B Shardfield Decoherence anchors,COMBAT
031,Yellow Glasswing aerial/healer/wing-break mechanic,COMBAT
032,Green Walking Fortress Absorption+charge mechanic,COMBAT
033,Walking Fortress 5+5 ping-pong/front-limb strategy,COMBAT
034,Raid boss difficulty physical/Genesis geometry not HP inflation,COMBAT
035,once-per-specific-boss-per-season payout remains,REWARDS
036,extra Red+Orange = +6250 per girl wallet surplus,REWARDS
